{"type":"FeatureCollection","features":[{"type":"Feature","properties":{"source":"ours2","id":"52690","height":10.67310905456543,"var":8.616119384765625,"region":"CHN"},"geometry":{"type":"Polygon","coordinates":[[[120.5214876,31.8667911],[120.5215193,31.8668743],[120.5219319,31.8667839],[120.5219637,31.8667282],[120.5219157,31.8666587],[120.5214876,31.8667911]]]}},{"type":"Feature","properties":{"source":"ours2","id":"52784","height":10.902704238891602,"var":2.0125579833984375,"region":"CHN"},"geometry":{"type":"Polygon","coordinates":[[[120.5206942,31.8667126],[120.5212654,31.8665666],[120.5212175,31.86647],[120.5206653,31.8666048],[120.5206942,31.8667126]]]}},{"type":"Feature","properties":{"source":"ours2","id":"52904","height":9.603434562683105,"var":2.809579849243164,"region":"CHN"},"geometry":{"type":"Polygon","coordinates":[[[120.5207576,31.8664161],[120.521202,31.8663241],[120.5211857,31.8662275],[120.5210557,31.8662275],[120.5207607,31.8663083],[120.5207576,31.8664161]]]}},{"type":"Feature","properties":{"source":"ours2","id":"52863","height":11.661616325378418,"var":2.4589309692382812,"region":"CHN"},"geometry":{"type":"Polygon","coordinates":[[[120.5205355,31.866467],[120.5205291,31.8663622],[120.5199959,31.8663514],[120.5199959,31.8664341],[120.520051,31.86647],[120.5205355,31.866467]]]}},{"type":"Feature","properties":{"source":"ours2","id":"52712","height":10.987577438354492,"var":1.8204345703125,"region":"CHN"},"geometry":{"type":"Polygon","coordinates":[[[120.520472,31.8667905],[120.5205037,31.8667072],[120.5204635,31.8666587],[120.5199642,31.8666491],[120.5199959,31.86676],[120.520472,31.8667905]]]}},{"type":"Feature","properties":{"source":"ours2","id":"52564","height":11.189626693725586,"var":1.1892547607421875,"region":"CHN"},"geometry":{"type":"Polygon","coordinates":[[[120.520187,31.86709],[120.520472,31.8670842],[120.5204625,31.8669822],[120.5199426,31.8669283],[120.5199007,31.8670303],[120.520187,31.86709]]]}},{"type":"Feature","properties":{"source":"ours2","id":"52635","height":10.482375144958496,"var":2.4014511108398438,"region":"CHN"},"geometry":{"type":"Polygon","coordinates":[[[120.5212337,31.8668908],[120.5212654,31.8668081],[120.5212337,31.8667802],[120.5206016,31.8669013],[120.5206307,31.8670091],[120.5212337,31.8668908]]]}},{"type":"Feature","properties":{"source":"ours2","id":"52575","height":10.858302116394043,"var":10.849979400634766,"region":"CHN"},"geometry":{"type":"Polygon","coordinates":[[[120.5220745,31.8669013],[120.5213606,31.8670884],[120.5213924,31.8671708],[120.5220906,31.8670252],[120.5221223,31.8669975],[120.5220745,31.8669013]]]}},{"type":"Feature","properties":{"source":"ours2","id":"52462","height":9.93740463256836,"var":9.604009628295898,"region":"CHN"},"geometry":{"type":"Polygon","coordinates":[[[120.520472,31.8673326],[120.5211702,31.8672136],[120.5211702,31.8671032],[120.5205063,31.8672247],[120.520472,31.8673326]]]}},{"type":"Feature","properties":{"source":"ours2","id":"52541","height":22.346553802490234,"var":22.37249755859375,"region":"CHN"},"geometry":{"type":"Polygon","coordinates":[[[120.5181552,31.8671978],[120.5182535,31.8671978],[120.5184091,31.8671352],[120.5183282,31.8670091],[120.5181296,31.867063],[120.5181552,31.8671978]]]}},{"type":"Feature","properties":{"source":"ours2","id":"52463","height":10.793546676635742,"var":9.328899383544922,"region":"CHN"},"geometry":{"type":"Polygon","coordinates":[[[120.5160922,31.8673326],[120.5168355,31.8671708],[120.5168222,31.8670767],[120.5160628,31.8672247],[120.5160922,31.8673326]]]}},{"type":"Feature","properties":{"source":"ours2","id":"52574","height":16.560087203979492,"var":16.180572509765625,"region":"CHN"},"geometry":{"type":"Polygon","coordinates":[[[120.5171713,31.8671978],[120.517933,31.8669973],[120.5178852,31.8669013],[120.5171423,31.867063],[120.5171713,31.8671978]]]}},{"type":"Feature","properties":{"source":"ours2","id":"52681","height":10.632829666137695,"var":1.5010986328125,"region":"CHN"},"geometry":{"type":"Polygon","coordinates":[[[120.5160627,31.8668204],[120.5160605,31.8669283],[120.5167087,31.8667935],[120.516727,31.8667268],[120.5166786,31.8666857],[120.5160627,31.8668204]]]}},{"type":"Feature","properties":{"source":"ours2","id":"52849","height":11.331124305725098,"var":2.6260757446289062,"region":"CHN"},"geometry":{"type":"Polygon","coordinates":[[[120.5165187,31.8663622],[120.5161907,31.8664431],[120.5162192,31.8665239],[120.5166,31.8664604],[120.5166318,31.8663767],[120.5165187,31.8663622]]]}},{"type":"Feature","properties":{"source":"ours2","id":"52885","height":23.849796295166016,"var":11.476409912109375,"region":"CHN"},"geometry":{"type":"Polygon","coordinates":[[[120.51806,31.8664161],[120.5181913,31.8664161],[120.5183456,31.866352],[120.5182974,31.8662814],[120.5180665,31.8663083],[120.51806,31.8664161]]]}},{"type":"Feature","properties":{"source":"ours2","id":"52753","height":27.245180130004883,"var":26.05108642578125,"region":"CHN"},"geometry":{"type":"Polygon","coordinates":[[[120.5184725,31.8667396],[120.518663,31.8667056],[120.5186947,31.8666208],[120.5185807,31.8665779],[120.5184467,31.8666318],[120.5184725,31.8667396]]]}},{"type":"Feature","properties":{"source":"ours2","id":"53033","height":5.133699893951416,"var":1.735361099243164,"region":"CHN"},"geometry":{"type":"Polygon","coordinates":[[[120.5192025,31.8660023],[120.5190531,31.8659579],[120.5190756,31.8660657],[120.5192025,31.8660594],[120.5192025,31.8660023]]]}},{"type":"Feature","properties":{"source":"ours2","id":"52906","height":21.48186683654785,"var":10.370498657226562,"region":"CHN"},"geometry":{"type":"Polygon","coordinates":[[[120.5169174,31.8664431],[120.517883,31.8662814],[120.517933,31.8662148],[120.5178852,31.8661735],[120.5168857,31.866361],[120.5169174,31.8664431]]]}},{"type":"Feature","properties":{"source":"ours2","id":"53001","height":12.433947563171387,"var":2.4044418334960938,"region":"CHN"},"geometry":{"type":"Polygon","coordinates":[[[120.5161557,31.8662005],[120.5165366,31.8661646],[120.5165683,31.8661086],[120.5165203,31.8660388],[120.5161272,31.8661196],[120.5161557,31.8662005]]]}},{"type":"Feature","properties":{"source":"ours2","id":"53128","height":11.835289001464844,"var":2.1631011962890625,"region":"CHN"},"geometry":{"type":"Polygon","coordinates":[[[120.5160288,31.865904],[120.5164096,31.8658399],[120.5164414,31.8657561],[120.5160322,31.8657962],[120.5160288,31.865904]]]}},{"type":"Feature","properties":{"source":"ours2","id":"53157","height":15.781216621398926,"var":1.65240478515625,"region":"CHN"},"geometry":{"type":"Polygon","coordinates":[[[120.5167905,31.865931],[120.5170491,31.865877],[120.5175522,31.8658119],[120.5175365,31.8656884],[120.5167611,31.8658231],[120.5167905,31.865931]]]}},{"type":"Feature","properties":{"source":"ours2","id":"53276","height":12.551469802856445,"var":1.5037460327148438,"region":"CHN"},"geometry":{"type":"Polygon","coordinates":[[[120.515682,31.8654997],[120.5156797,31.8656075],[120.5163283,31.8654997],[120.51633,31.8654188],[120.515682,31.8654997]]]}},{"type":"Feature","properties":{"source":"ours2","id":"53186","height":21.07886505126953,"var":4.44439697265625,"region":"CHN"},"geometry":{"type":"Polygon","coordinates":[[[120.5179013,31.8657962],[120.5181552,31.8657603],[120.518107,31.8656614],[120.5178742,31.8657153],[120.5179013,31.8657962]]]}},{"type":"Feature","properties":{"source":"ours2","id":"53225","height":8.331731796264648,"var":1.3918495178222656,"region":"CHN"},"geometry":{"type":"Polygon","coordinates":[[[120.5190756,31.8658209],[120.5191073,31.8657379],[120.5186131,31.8656075],[120.5185678,31.8656515],[120.5185678,31.865734],[120.5190756,31.8658209]]]}},{"type":"Feature","properties":{"source":"ours2","id":"53367","height":11.824359893798828,"var":3.665996551513672,"region":"CHN"},"geometry":{"type":"Polygon","coordinates":[[[120.5203133,31.8659565],[120.5201552,31.8659849],[120.5201546,31.8660657],[120.5203133,31.866065],[120.5219149,31.8653649],[120.5219637,31.865325],[120.5218684,31.8652442],[120.5203133,31.8659565]]]}},{"type":"Feature","properties":{"source":"ours2","id":"53373","height":9.622879028320312,"var":1.2118492126464844,"region":"CHN"},"geometry":{"type":"Polygon","coordinates":[[[120.520599,31.8656075],[120.5212337,31.8653259],[120.5212181,31.8652571],[120.5211536,31.8652571],[120.5205696,31.8654997],[120.520599,31.8656075]]]}},{"type":"Feature","properties":{"source":"ours2","id":"53221","height":8.556988716125488,"var":0.9355192184448242,"region":"CHN"},"geometry":{"type":"Polygon","coordinates":[[[120.5203133,31.8657668],[120.5205355,31.86565],[120.5204864,31.8655806],[120.5202181,31.8657137],[120.5202181,31.8657692],[120.5203133,31.8657668]]]}},{"type":"Feature","properties":{"source":"ours2","id":"53212","height":10.522452354431152,"var":3.289051055908203,"region":"CHN"},"geometry":{"type":"Polygon","coordinates":[[[120.5215511,31.8658222],[120.5216463,31.8658492],[120.5221223,31.865623],[120.5220422,31.8655266],[120.5215538,31.8657423],[120.5215511,31.8658222]]]}},{"type":"Feature","properties":{"source":"ours2","id":"53478","height":9.94671630859375,"var":1.6405754089355469,"region":"CHN"},"geometry":{"type":"Polygon","coordinates":[[[120.5213301,31.8652571],[120.521805,31.8650567],[120.5217248,31.8649876],[120.5212683,31.8651762],[120.5212337,31.8652292],[120.5213301,31.8652571]]]}},{"type":"Feature","properties":{"source":"ours2","id":"53557","height":13.322521209716797,"var":1.9951038360595703,"region":"CHN"},"geometry":{"type":"Polygon","coordinates":[[[120.5192179,31.8649067],[120.5187926,31.8649336],[120.5187899,31.8650145],[120.5191816,31.8650145],[120.5192342,31.864976],[120.5192179,31.8649067]]]}},{"type":"Feature","properties":{"source":"ours2","id":"53489","height":15.161861419677734,"var":3.4096832275390625,"region":"CHN"},"geometry":{"type":"Polygon","coordinates":[[[120.5177743,31.8652301],[120.5185678,31.8651377],[120.5185521,31.8650415],[120.5177773,31.8651223],[120.5177743,31.8652301]]]}},{"type":"Feature","properties":{"source":"ours2","id":"53524","height":15.332796096801758,"var":1.9574356079101562,"region":"CHN"},"geometry":{"type":"Polygon","coordinates":[[[120.517203,31.8651493],[120.5174887,31.865113],[120.5174734,31.8650145],[120.5171768,31.8650415],[120.517203,31.8651493]]]}},{"type":"Feature","properties":{"source":"ours2","id":"53488","height":11.404403686523438,"var":2.035736083984375,"region":"CHN"},"geometry":{"type":"Polygon","coordinates":[[[120.5159018,31.8651762],[120.5163144,31.8651385],[120.5162981,31.8650415],[120.5159045,31.8650954],[120.5159018,31.8651762]]]}},{"type":"Feature","properties":{"source":"ours2","id":"53553","height":13.114166259765625,"var":1.0427627563476562,"region":"CHN"},"geometry":{"type":"Polygon","coordinates":[[[120.5165366,31.8650415],[120.5169809,31.8650046],[120.5169809,31.8648929],[120.5165397,31.8649336],[120.5165366,31.8650415]]]}},{"type":"Feature","properties":{"source":"ours2","id":"53732","height":10.580015182495117,"var":2.1004066467285156,"region":"CHN"},"geometry":{"type":"Polygon","coordinates":[[[120.5174569,31.8646371],[120.5177426,31.8646282],[120.5177426,31.8645164],[120.5174616,31.8645293],[120.5174569,31.8646371]]]}},{"type":"Feature","properties":{"source":"ours2","id":"53649","height":10.508338928222656,"var":0.9978713989257812,"region":"CHN"},"geometry":{"type":"Polygon","coordinates":[[[120.5162192,31.8647333],[120.5161712,31.8646911],[120.5158117,31.864718],[120.5158066,31.8648258],[120.5161875,31.8647894],[120.5162192,31.8647333]]]}},{"type":"Feature","properties":{"source":"ours2","id":"53774","height":13.558426856994629,"var":1.8387832641601562,"region":"CHN"},"geometry":{"type":"Polygon","coordinates":[[[120.5164731,31.8645563],[120.5169617,31.8645024],[120.5169809,31.8644084],[120.5164768,31.8644215],[120.5164731,31.8645563]]]}},{"type":"Feature","properties":{"source":"ours2","id":"53809","height":10.518241882324219,"var":1.1582260131835938,"region":"CHN"},"geometry":{"type":"Polygon","coordinates":[[[120.5156829,31.8643676],[120.5156797,31.8644754],[120.5160922,31.8644111],[120.5160751,31.8643137],[120.5156829,31.8643676]]]}},{"type":"Feature","properties":{"source":"ours2","id":"53684","height":14.954350471496582,"var":3.0953216552734375,"region":"CHN"},"geometry":{"type":"Polygon","coordinates":[[[120.517933,31.864718],[120.518663,31.8646527],[120.5186786,31.8645563],[120.5179352,31.8646102],[120.517933,31.864718]]]}},{"type":"Feature","properties":{"source":"ours2","id":"53738","height":13.391802787780762,"var":2.0725250244140625,"region":"CHN"},"geometry":{"type":"Polygon","coordinates":[[[120.5188851,31.8646102],[120.5193295,31.8645717],[120.5193131,31.8645024],[120.5188888,31.8645024],[120.5188851,31.8646102]]]}},{"type":"Feature","properties":{"source":"ours2","id":"53896","height":12.164629936218262,"var":3.2690162658691406,"region":"CHN"},"geometry":{"type":"Polygon","coordinates":[[[120.5189169,31.8642867],[120.5191124,31.8642867],[120.5193295,31.8642496],[120.5193295,31.8641666],[120.5188894,31.8641789],[120.5189169,31.8642867]]]}},{"type":"Feature","properties":{"source":"ours2","id":"54049","height":12.516352653503418,"var":2.430553436279297,"region":"CHN"},"geometry":{"type":"Polygon","coordinates":[[[120.5189486,31.8639902],[120.5193929,31.8639529],[120.5193449,31.8638555],[120.5189201,31.8639094],[120.5189486,31.8639902]]]}},{"type":"Feature","properties":{"source":"ours2","id":"53934","height":14.74682331085205,"var":3.8297500610351562,"region":"CHN"},"geometry":{"type":"Polygon","coordinates":[[[120.5179013,31.8642328],[120.5186947,31.8641674],[120.5186791,31.8640711],[120.5178721,31.864125],[120.5179013,31.8642328]]]}},{"type":"Feature","properties":{"source":"ours2","id":"53902","height":13.090127944946289,"var":1.1948509216308594,"region":"CHN"},"geometry":{"type":"Polygon","coordinates":[[[120.5171713,31.8642867],[120.5173935,31.8642792],[120.5173935,31.8641671],[120.5171459,31.8641789],[120.5171713,31.8642867]]]}},{"type":"Feature","properties":{"source":"ours2","id":"53940","height":2.75125789642334,"var":0.37738561630249023,"region":"CHN"},"geometry":{"type":"Polygon","coordinates":[[[120.5157431,31.864152],[120.5158066,31.8641052],[120.5157474,31.8640981],[120.5157431,31.864152]]]}},{"type":"Feature","properties":{"source":"ours2","id":"54025","height":13.338984489440918,"var":2.1803359985351562,"region":"CHN"},"geometry":{"type":"Polygon","coordinates":[[[120.5164096,31.8640441],[120.5166361,31.8640441],[120.5170444,31.8639786],[120.5170282,31.8638824],[120.5164121,31.8639363],[120.5164096,31.8640441]]]}},{"type":"Feature","properties":{"source":"ours2","id":"54102","height":14.517498016357422,"var":6.9038543701171875,"region":"CHN"},"geometry":{"type":"Polygon","coordinates":[[[120.5174887,31.8638555],[120.5177197,31.8638555],[120.5177743,31.8637897],[120.5177248,31.8637476],[120.5175268,31.8637476],[120.5174887,31.8638555]]]}},{"type":"Feature","properties":{"source":"ours2","id":"54253","height":13.281880378723145,"var":6.165428161621094,"region":"CHN"},"geometry":{"type":"Polygon","coordinates":[[[120.5163779,31.8636129],[120.5170444,31.8635751],[120.5170444,31.8634654],[120.516349,31.8635051],[120.5163779,31.8636129]]]}},{"type":"Feature","properties":{"source":"ours2","id":"54151","height":14.232704162597656,"var":10.639938354492188,"region":"CHN"},"geometry":{"type":"Polygon","coordinates":[[[120.5182186,31.8637746],[120.5184784,31.8637746],[120.5187582,31.8637364],[120.5187427,31.8636668],[120.5182541,31.8636668],[120.5182186,31.8637746]]]}},{"type":"Feature","properties":{"source":"ours2","id":"54205","height":12.793343544006348,"var":3.1007080078125,"region":"CHN"},"geometry":{"type":"Polygon","coordinates":[[[120.5189803,31.8636668],[120.5194247,31.8636295],[120.5194409,31.863559],[120.5189836,31.863559],[120.5189803,31.8636668]]]}},{"type":"Feature","properties":{"source":"ours2","id":"54229","height":9.129740715026855,"var":2.1750717163085938,"region":"CHN"},"geometry":{"type":"Polygon","coordinates":[[[120.5212401,31.8635051],[120.5212654,31.8636391],[120.5215828,31.8636314],[120.5215828,31.8634927],[120.5212401,31.8635051]]]}},{"type":"Feature","properties":{"source":"ours2","id":"54179","height":6.928617477416992,"var":2.211841583251953,"region":"CHN"},"geometry":{"type":"Polygon","coordinates":[[[120.5210433,31.8637207],[120.5211385,31.8636874],[120.5211235,31.8635859],[120.5210209,31.8636129],[120.5210433,31.8637207]]]}},{"type":"Feature","properties":{"source":"ours2","id":"54059","height":11.736555099487305,"var":8.24690055847168,"region":"CHN"},"geometry":{"type":"Polygon","coordinates":[[[120.5211385,31.8642059],[120.5214593,31.8642059],[120.5219319,31.8641712],[120.5219319,31.8640077],[120.5218545,31.8638555],[120.5217579,31.8638824],[120.5217732,31.8640323],[120.5212972,31.8640776],[120.5212337,31.8639408],[120.5211102,31.8639633],[120.5211385,31.8642059]]]}},{"type":"Feature","properties":{"source":"ours2","id":"55434","height":11.361560821533203,"var":3.120941162109375,"region":"CHN"},"geometry":{"type":"Polygon","coordinates":[[[120.5215828,31.8611568],[120.5215769,31.8610521],[120.5213187,31.8610521],[120.5210266,31.8609713],[120.5209298,31.8609713],[120.5208846,31.8610426],[120.5211982,31.86116],[120.5215828,31.8611568]]]}},{"type":"Feature","properties":{"source":"ours2","id":"55581","height":12.833352088928223,"var":3.1937942504882812,"region":"CHN"},"geometry":{"type":"Polygon","coordinates":[[[120.5214559,31.8607535],[120.5214814,31.8606208],[120.5210931,31.8606208],[120.5210601,31.8605939],[120.5208659,31.8605939],[120.5208529,31.8607202],[120.5214559,31.8607535]]]}},{"type":"Feature","properties":{"source":"ours2","id":"55658","height":14.573352813720703,"var":4.585601806640625,"region":"CHN"},"geometry":{"type":"Polygon","coordinates":[[[120.5159018,31.8605939],[120.5160922,31.8605874],[120.5161087,31.8604591],[120.5158764,31.8604861],[120.5159018,31.8605939]]]}},{"type":"Feature","properties":{"source":"ours2","id":"55500","height":14.4971284866333,"var":4.6241455078125,"region":"CHN"},"geometry":{"type":"Polygon","coordinates":[[[120.5172348,31.8609713],[120.5176156,31.8609348],[120.5176002,31.8608095],[120.5172082,31.8608365],[120.5172348,31.8609713]]]}},{"type":"Feature","properties":{"source":"ours2","id":"55640","height":11.191309928894043,"var":9.302970886230469,"region":"CHN"},"geometry":{"type":"Polygon","coordinates":[[[120.519742,31.8605261],[120.5194701,31.8604861],[120.5192786,31.8604861],[120.519266,31.8606108],[120.5195199,31.8606391],[120.5195199,31.860802],[120.5192091,31.8608365],[120.5191128,31.8607556],[120.5188256,31.8607556],[120.5188217,31.8611859],[120.5188853,31.8613486],[120.5194247,31.8612376],[120.5193883,31.861133],[120.5189803,31.8612075],[120.5191708,31.8610982],[120.519181,31.8609443],[120.51966,31.8609443],[120.519742,31.8605261]]]}},{"type":"Feature","properties":{"source":"ours2","id":"55568","height":6.364225387573242,"var":1.9848556518554688,"region":"CHN"},"geometry":{"type":"Polygon","coordinates":[[[120.5179965,31.8607826],[120.5183773,31.860745],[120.5183773,31.8606617],[120.5180003,31.8606748],[120.5179965,31.8607826]]]}},{"type":"Feature","properties":{"source":"ours2","id":"55476","height":6.661007404327393,"var":6.157783508300781,"region":"CHN"},"geometry":{"type":"Polygon","coordinates":[[[120.5184091,31.860878],[120.5179999,31.8609443],[120.5180282,31.8610252],[120.5183773,31.8609895],[120.5184091,31.860878]]]}},{"type":"Feature","properties":{"source":"ours2","id":"55342","height":8.88874340057373,"var":7.506065368652344,"region":"CHN"},"geometry":{"type":"Polygon","coordinates":[[[120.5180917,31.8614834],[120.5185678,31.8614222],[120.5185995,31.861367],[120.5185557,31.8612947],[120.5182323,31.8613486],[120.5181552,31.8611677],[120.5180348,31.8611869],[120.5180917,31.8614834]]]}},{"type":"Feature","properties":{"source":"ours2","id":"55475","height":13.375326156616211,"var":3.3375625610351562,"region":"CHN"},"geometry":{"type":"Polygon","coordinates":[[[120.5166318,31.8609982],[120.5169909,31.8609982],[120.5170444,31.8609605],[120.5170289,31.8608904],[120.5166354,31.8608904],[120.5166318,31.8609982]]]}},{"type":"Feature","properties":{"source":"ours2","id":"55433","height":21.66328239440918,"var":11.447006225585938,"region":"CHN"},"geometry":{"type":"Polygon","coordinates":[[[120.5161875,31.8610521],[120.5164178,31.8610521],[120.5164731,31.8610152],[120.5164414,31.8609303],[120.5161921,31.8609443],[120.5161875,31.8610521]]]}},{"type":"Feature","properties":{"source":"ours2","id":"55187","height":16.356433868408203,"var":5.6745758056640625,"region":"CHN"},"geometry":{"type":"Polygon","coordinates":[[[120.5158701,31.8616182],[120.5161557,31.8615813],[120.5161393,31.8614834],[120.515876,31.8614834],[120.5158701,31.8616182]]]}},{"type":"Feature","properties":{"source":"ours2","id":"55197","height":19.22542381286621,"var":6.640777587890625,"region":"CHN"},"geometry":{"type":"Polygon","coordinates":[[[120.5164731,31.8615643],[120.5167686,31.8615643],[120.5168222,31.8615262],[120.516773,31.8614565],[120.5164775,31.8614565],[120.5164731,31.8615643]]]}},{"type":"Feature","properties":{"source":"ours2","id":"55224","height":21.640331268310547,"var":16.470382690429688,"region":"CHN"},"geometry":{"type":"Polygon","coordinates":[[[120.5168857,31.8615104],[120.5175973,31.8614565],[120.5175995,31.8613486],[120.5168879,31.8614026],[120.5168857,31.8615104]]]}},{"type":"Feature","properties":{"source":"ours2","id":"54879","height":5.428558349609375,"var":4.603118896484375,"region":"CHN"},"geometry":{"type":"Polygon","coordinates":[[[120.5211449,31.8623729],[120.5209838,31.862346],[120.5209798,31.8626155],[120.5214241,31.8625289],[120.5214241,31.8623105],[120.5213474,31.8621573],[120.5211546,31.8621573],[120.521075,31.8621989],[120.5211067,31.8623085],[120.5213289,31.8623381],[120.5211449,31.8623729]]]}},{"type":"Feature","properties":{"source":"ours2","id":"54594","height":8.403131484985352,"var":2.004596710205078,"region":"CHN"},"geometry":{"type":"Polygon","coordinates":[[[120.5208846,31.8628042],[120.5209481,31.8628042],[120.5209417,31.8627773],[120.5208909,31.8627773],[120.5208846,31.8628042]]]}},{"type":"Feature","properties":{"source":"ours2","id":"54634","height":6.136291027069092,"var":2.891925811767578,"region":"CHN"},"geometry":{"type":"Polygon","coordinates":[[[120.521678,31.8627234],[120.5218684,31.8627149],[120.5219002,31.8626567],[120.5216814,31.8626695],[120.521678,31.8627234]]]}},{"type":"Feature","properties":{"source":"ours2","id":"54570","height":8.364751815795898,"var":2.595977783203125,"region":"CHN"},"geometry":{"type":"Polygon","coordinates":[[[120.5217098,31.862966],[120.5221541,31.8629296],[120.5221061,31.8627773],[120.5216832,31.8628042],[120.5217098,31.862966]]]}},{"type":"Feature","properties":{"source":"ours2","id":"54494","height":8.666145324707031,"var":4.495813369750977,"region":"CHN"},"geometry":{"type":"Polygon","coordinates":[[[120.5211702,31.8635584],[120.521085,31.862939],[120.5214071,31.862939],[120.5214241,31.8628445],[120.5212795,31.8628312],[120.5209892,31.862912],[120.5209798,31.8630403],[120.521075,31.8635314],[120.5211702,31.8635584]]]}},{"type":"Feature","properties":{"source":"ours2","id":"54359","height":12.9482421875,"var":2.64093017578125,"region":"CHN"},"geometry":{"type":"Polygon","coordinates":[[[120.5194881,31.8632507],[120.5194401,31.8632086],[120.5190162,31.8632355],[120.5190121,31.863315],[120.5194678,31.8633164],[120.5194881,31.8632507]]]}},{"type":"Feature","properties":{"source":"ours2","id":"54344","height":16.20049476623535,"var":16.385452270507812,"region":"CHN"},"geometry":{"type":"Polygon","coordinates":[[[120.5180917,31.8633703],[120.5183504,31.8633703],[120.5187582,31.8633321],[120.5187738,31.8632355],[120.5180935,31.8632894],[120.5180917,31.8633703]]]}},{"type":"Feature","properties":{"source":"ours2","id":"54506","height":13.863819122314453,"var":6.9778594970703125,"region":"CHN"},"geometry":{"type":"Polygon","coordinates":[[[120.51806,31.8630468],[120.5192137,31.862966],[120.5195199,31.8629808],[120.5195199,31.8628992],[120.5185103,31.862912],[120.518478,31.862939],[120.5180617,31.862939],[120.51806,31.8630468]]]}},{"type":"Feature","properties":{"source":"ours2","id":"54448","height":17.81439208984375,"var":13.78564453125,"region":"CHN"},"geometry":{"type":"Polygon","coordinates":[[[120.5163144,31.8631814],[120.5178061,31.8630611],[120.5177901,31.862966],[120.5163479,31.8630738],[120.5163144,31.8631814]]]}},{"type":"Feature","properties":{"source":"ours2","id":"55216","height":2.2238457202911377,"var":0.23372268676757812,"region":"CHN"},"geometry":{"type":"Polygon","coordinates":[[[120.5092052,31.8615303],[120.5091887,31.8613756],[120.5090217,31.8614026],[120.5090148,31.8615373],[120.5092052,31.8615303]]]}},{"type":"Feature","properties":{"source":"ours2","id":"55143","height":16.61349105834961,"var":3.476024627685547,"region":"CHN"},"geometry":{"type":"Polygon","coordinates":[[[120.5143149,31.8616991],[120.5148545,31.8616608],[120.5148382,31.8615643],[120.5143172,31.8616182],[120.5143149,31.8616991]]]}},{"type":"Feature","properties":{"source":"ours2","id":"55155","height":19.717716217041016,"var":12.229217529296875,"region":"CHN"},"geometry":{"type":"Polygon","coordinates":[[[120.5150132,31.8616721],[120.5153055,31.8616721],[120.5155527,31.8616339],[120.515504,31.8615373],[120.5153733,31.8615643],[120.5150486,31.8615643],[120.5150132,31.8616721]]]}},{"type":"Feature","properties":{"source":"ours2","id":"55305","height":9.875146865844727,"var":0.8301467895507812,"region":"CHN"},"geometry":{"type":"Polygon","coordinates":[[[120.5147593,31.8614026],[120.5152353,31.8613645],[120.5152199,31.8612947],[120.5147642,31.8612947],[120.5147593,31.8614026]]]}},{"type":"Feature","properties":{"source":"ours2","id":"55443","height":17.902008056640625,"var":8.820877075195312,"region":"CHN"},"geometry":{"type":"Polygon","coordinates":[[[120.5155844,31.861106],[120.5158066,31.8610991],[120.5158383,31.8610142],[120.5157901,31.8609713],[120.5155586,31.8609982],[120.5155844,31.861106]]]}},{"type":"Feature","properties":{"source":"ours2","id":"55395","height":10.218990325927734,"var":1.5803604125976562,"region":"CHN"},"geometry":{"type":"Polygon","coordinates":[[[120.5147275,31.861133],[120.5152353,31.8610954],[120.5152198,31.8609982],[120.5146995,31.8610252],[120.5147275,31.861133]]]}},{"type":"Feature","properties":{"source":"ours2","id":"55369","height":10.737442970275879,"var":1.6932830810546875,"region":"CHN"},"geometry":{"type":"Polygon","coordinates":[[[120.5144252,31.8610252],[120.5137458,31.861106],[120.5137437,31.8612139],[120.5144419,31.861149],[120.5144736,31.8610663],[120.5144252,31.8610252]]]}},{"type":"Feature","properties":{"source":"ours2","id":"55244","height":10.539173126220703,"var":2.078460693359375,"region":"CHN"},"geometry":{"type":"Polygon","coordinates":[[[120.514061,31.8614565],[120.5145688,31.8614183],[120.5145526,31.8613217],[120.5140641,31.8613486],[120.514061,31.8614565]]]}},{"type":"Feature","properties":{"source":"ours2","id":"55646","height":9.676372528076172,"var":1.1943626403808594,"region":"CHN"},"geometry":{"type":"Polygon","coordinates":[[[120.5145054,31.8605939],[120.5150132,31.8605557],[120.5149969,31.8604591],[120.5145085,31.8604861],[120.5145054,31.8605939]]]}},{"type":"Feature","properties":{"source":"ours2","id":"55630","height":10.15603256225586,"var":1.805643081665039,"region":"CHN"},"geometry":{"type":"Polygon","coordinates":[[[120.5139053,31.86054],[120.5139024,31.8606478],[120.5144102,31.8606102],[120.5143784,31.8604992],[120.5139053,31.86054]]]}},{"type":"Feature","properties":{"source":"ours2","id":"55496","height":10.646109580993652,"var":1.3834991455078125,"region":"CHN"},"geometry":{"type":"Polygon","coordinates":[[[120.5138094,31.8608365],[120.5138071,31.8609174],[120.5140994,31.8609174],[120.5143467,31.8608791],[120.5143149,31.8607957],[120.5138094,31.8608365]]]}},{"type":"Feature","properties":{"source":"ours2","id":"55529","height":10.353686332702637,"var":1.2385120391845703,"region":"CHN"},"geometry":{"type":"Polygon","coordinates":[[[120.5145086,31.8607556],[120.5145054,31.8608634],[120.5149814,31.8608254],[120.5149814,31.8607425],[120.5145086,31.8607556]]]}},{"type":"Feature","properties":{"source":"ours2","id":"55631","height":17.72367286682129,"var":5.451202392578125,"region":"CHN"},"geometry":{"type":"Polygon","coordinates":[[[120.5155844,31.8606388],[120.5155527,31.860526],[120.5153035,31.86054],[120.5152988,31.8606478],[120.5155844,31.8606388]]]}},{"type":"Feature","properties":{"source":"ours2","id":"55660","height":6.867145538330078,"var":2.182065963745117,"region":"CHN"},"geometry":{"type":"Polygon","coordinates":[[[120.5110143,31.8606748],[120.5110419,31.8605939],[120.5108402,31.8604591],[120.5107921,31.8605017],[120.5110143,31.8606748]]]}},{"type":"Feature","properties":{"source":"ours2","id":"55532","height":13.065199851989746,"var":3.9165725708007812,"region":"CHN"},"geometry":{"type":"Polygon","coordinates":[[[120.5116443,31.8608095],[120.5111611,31.8608095],[120.5109508,31.8607427],[120.5108873,31.8608256],[120.5110048,31.8609174],[120.5116173,31.8609974],[120.5116443,31.8608095]]]}},{"type":"Feature","properties":{"source":"ours2","id":"55368","height":31.319854736328125,"var":30.548370361328125,"region":"CHN"},"geometry":{"type":"Polygon","coordinates":[[[120.5073657,31.8613756],[120.5074279,31.8612635],[120.5070153,31.8610939],[120.5069519,31.8612049],[120.5073657,31.8613756]]]}},{"type":"Feature","properties":{"source":"ours2","id":"55374","height":5.728555679321289,"var":1.2055740356445312,"region":"CHN"},"geometry":{"type":"Polygon","coordinates":[[[120.5062854,31.8612659],[120.5063084,31.861133],[120.5061092,31.8610791],[120.5060632,31.8611795],[120.5062854,31.8612659]]]}},{"type":"Feature","properties":{"source":"ours2","id":"55330","height":29.429569244384766,"var":28.849609375,"region":"CHN"},"geometry":{"type":"Polygon","coordinates":[[[120.505365,31.8614026],[120.5054602,31.8613999],[120.5054919,31.8613156],[120.5053824,31.8612139],[120.5052831,31.8611869],[120.5052381,31.86126],[120.505365,31.8614026]]]}},{"type":"Feature","properties":{"source":"ours2","id":"55540","height":31.406414031982422,"var":32.2572021484375,"region":"CHN"},"geometry":{"type":"Polygon","coordinates":[[[120.5053813,31.8607287],[120.5052507,31.8607287],[120.5052381,31.8608011],[120.5054611,31.8609443],[120.5055237,31.860942],[120.5055554,31.860858],[120.5053813,31.8607287]]]}},{"type":"Feature","properties":{"source":"ours2","id":"55645","height":20.7183837890625,"var":11.51544189453125,"region":"CHN"},"geometry":{"type":"Polygon","coordinates":[[[120.505968,31.8606438],[120.505968,31.860532],[120.5058893,31.8604591],[120.5058234,31.8604591],[120.5057458,31.860533],[120.5057776,31.8606178],[120.505968,31.8606438]]]}},{"type":"Feature","properties":{"source":"ours2","id":"55528","height":23.060680389404297,"var":15.2235107421875,"region":"CHN"},"geometry":{"type":"Polygon","coordinates":[[[120.5066357,31.8610252],[120.506698,31.8609408],[120.5062686,31.8607287],[120.5061902,31.8607994],[120.5061902,31.8608543],[120.5066357,31.8610252]]]}},{"type":"Feature","properties":{"source":"ours2","id":"55629","height":32.04415512084961,"var":22.94049072265625,"region":"CHN"},"geometry":{"type":"Polygon","coordinates":[[[120.5078046,31.8607287],[120.5072521,31.860513],[120.5072058,31.8606381],[120.5077463,31.8608365],[120.5078046,31.8607287]]]}},{"type":"Feature","properties":{"source":"ours2","id":"55797","height":30.672142028808594,"var":31.693695068359375,"region":"CHN"},"geometry":{"type":"Polygon","coordinates":[[[120.5069524,31.86054],[120.5070471,31.8604558],[120.5065861,31.8602165],[120.5065075,31.8603144],[120.5069524,31.86054]]]}},{"type":"Feature","properties":{"source":"ours2","id":"55204","height":25.20952606201172,"var":25.191055297851562,"region":"CHN"},"geometry":{"type":"Polygon","coordinates":[[[120.5050794,31.8616147],[120.5050403,31.8615373],[120.5047766,31.8614295],[120.5046985,31.8615014],[120.5049524,31.8616452],[120.5050794,31.8616147]]]}},{"type":"Feature","properties":{"source":"ours2","id":"55166","height":12.494681358337402,"var":-1,"region":"CHN"},"geometry":{"type":"Polygon","coordinates":[[[120.5052698,31.8616452],[120.5053333,31.8616415],[120.5053248,31.8615912],[120.5052698,31.8616452]]]}},{"type":"Feature","properties":{"source":"ours2","id":"55234","height":24.219053268432617,"var":14.46881103515625,"region":"CHN"},"geometry":{"type":"Polygon","coordinates":[[[120.5062536,31.8616435],[120.5062802,31.8615373],[120.5058553,31.8613756],[120.5058093,31.8614741],[120.5061584,31.8616452],[120.5062536,31.8616435]]]}},{"type":"Feature","properties":{"source":"ours2","id":"55109","height":2.8110151290893555,"var":0.18953704833984375,"region":"CHN"},"geometry":{"type":"Polygon","coordinates":[[[120.5068884,31.8616721],[120.5069519,31.8616721],[120.5069455,31.8616452],[120.5068947,31.8616452],[120.5068884,31.8616721]]]}},{"type":"Feature","properties":{"source":"ours2","id":"55079","height":31.94241714477539,"var":21.268798828125,"region":"CHN"},"geometry":{"type":"Polygon","coordinates":[[[120.5069208,31.8619686],[120.5070153,31.8619388],[120.5070099,31.8618608],[120.5066028,31.8617145],[120.506571,31.8618252],[120.5069208,31.8619686]]]}},{"type":"Feature","properties":{"source":"ours2","id":"54903","height":25.701812744140625,"var":20.606277465820312,"region":"CHN"},"geometry":{"type":"Polygon","coordinates":[[[120.5062536,31.8622349],[120.5062536,31.8621228],[120.5062092,31.8620764],[120.5060772,31.8620764],[120.5060315,31.8621778],[120.5062536,31.8622349]]]}},{"type":"Feature","properties":{"source":"ours2","id":"54985","height":32.04181671142578,"var":32.2176513671875,"region":"CHN"},"geometry":{"type":"Polygon","coordinates":[[[120.5057464,31.8622382],[120.5058411,31.8621815],[120.5053806,31.8619147],[120.5052698,31.8620125],[120.5053333,31.8620682],[120.5057464,31.8622382]]]}},{"type":"Feature","properties":{"source":"ours2","id":"54978","height":33.35073471069336,"var":33.39044189453125,"region":"CHN"},"geometry":{"type":"Polygon","coordinates":[[[120.5046506,31.8619417],[120.5045716,31.8619841],[120.5046033,31.8620669],[120.5050799,31.8622651],[120.5051428,31.8621815],[120.5046506,31.8619417]]]}},{"type":"Feature","properties":{"source":"ours2","id":"53628","height":21.158496856689453,"var":17.044189453125,"region":"CHN"},"geometry":{"type":"Polygon","coordinates":[[[120.5052698,31.8648797],[120.505724,31.8648797],[120.5057776,31.8648426],[120.5057303,31.864745],[120.5052698,31.8647695],[120.5052698,31.8648797]]]}},{"type":"Feature","properties":{"source":"ours2","id":"53699","height":17.252511978149414,"var":16.548858642578125,"region":"CHN"},"geometry":{"type":"Polygon","coordinates":[[[120.5051111,31.8647673],[120.5051023,31.8646371],[120.5045824,31.8646371],[120.5045716,31.8647392],[120.5051111,31.8647673]]]}},{"type":"Feature","properties":{"source":"ours2","id":"53463","height":18.899490356445312,"var":19.8834228515625,"region":"CHN"},"geometry":{"type":"Polygon","coordinates":[[[120.5045398,31.8652841],[120.5050584,31.8652841],[120.5050652,31.8651762],[120.5045128,31.8651762],[120.5045398,31.8652841]]]}},{"type":"Feature","properties":{"source":"ours2","id":"53487","height":15.017226219177246,"var":15.083847045898438,"region":"CHN"},"geometry":{"type":"Polygon","coordinates":[[[120.5055237,31.8654686],[120.5055237,31.8652481],[120.5054919,31.8651097],[120.5052811,31.8650684],[120.5053015,31.8654727],[120.5055237,31.8654686]]]}},{"type":"Feature","properties":{"source":"ours2","id":"53499","height":9.479716300964355,"var":1.0291824340820312,"region":"CHN"},"geometry":{"type":"Polygon","coordinates":[[[120.5070153,31.8650551],[120.5070326,31.8651493],[120.5075778,31.8651223],[120.5075866,31.8653871],[120.507432,31.8653919],[120.5073962,31.8654703],[120.5075216,31.8654727],[120.5075549,31.8655806],[120.5077136,31.8655792],[120.5077136,31.8651709],[120.507673,31.8649876],[120.5070153,31.8650551]]]}},{"type":"Feature","properties":{"source":"ours2","id":"53777","height":8.62486457824707,"var":1.5428581237792969,"region":"CHN"},"geometry":{"type":"Polygon","coordinates":[[[120.5072375,31.8645293],[120.5077252,31.8645293],[120.507777,31.8644905],[120.5077608,31.8644215],[120.5072398,31.8644485],[120.5072375,31.8645293]]]}},{"type":"Feature","properties":{"source":"ours2","id":"54079","height":8.490703582763672,"var":2.8348541259765625,"region":"CHN"},"geometry":{"type":"Polygon","coordinates":[[[120.5074919,31.8641789],[120.5078471,31.864152],[120.5078259,31.8637746],[120.5074058,31.8637746],[120.5073645,31.8638217],[120.5073645,31.8640681],[120.5074919,31.8641789]]]}},{"type":"Feature","properties":{"source":"ours2","id":"53894","height":20.88014793395996,"var":22.6893310546875,"region":"CHN"},"geometry":{"type":"Polygon","coordinates":[[[120.5052063,31.8643406],[120.5058411,31.8643297],[120.5058728,31.864247],[120.5058244,31.8642059],[120.5051773,31.8642328],[120.5052063,31.8643406]]]}},{"type":"Feature","properties":{"source":"ours2","id":"53871","height":16.691434860229492,"var":14.206146240234375,"region":"CHN"},"geometry":{"type":"Polygon","coordinates":[[[120.5050279,31.8643137],[120.5050313,31.8642059],[120.504575,31.8642059],[120.5045716,31.8643137],[120.5050279,31.8643137]]]}},{"type":"Feature","properties":{"source":"ours2","id":"54093","height":13.816123008728027,"var":5.83048152923584,"region":"CHN"},"geometry":{"type":"Polygon","coordinates":[[[120.5051428,31.8639633],[120.5054677,31.8639633],[120.5056824,31.8639257],[120.5056824,31.8638158],[120.5056338,31.8637746],[120.5051161,31.8637746],[120.5051428,31.8639633]]]}},{"type":"Feature","properties":{"source":"ours2","id":"53884","height":4.879427909851074,"var":0.20753002166748047,"region":"CHN"},"geometry":{"type":"Polygon","coordinates":[[[120.508964,31.864152],[120.5089196,31.8642867],[120.5090148,31.8642813],[120.5090148,31.8641951],[120.508964,31.864152]]]}},{"type":"Feature","properties":{"source":"ours2","id":"54222","height":9.447736740112305,"var":2.552032470703125,"region":"CHN"},"geometry":{"type":"Polygon","coordinates":[[[120.5139024,31.8638824],[120.5143149,31.8638488],[120.5142832,31.8634918],[120.513879,31.8635051],[120.5139024,31.8638824]]]}},{"type":"Feature","properties":{"source":"ours2","id":"54273","height":5.8575215339660645,"var":2.870387077331543,"region":"CHN"},"geometry":{"type":"Polygon","coordinates":[[[120.514483,31.8634242],[120.5144736,31.8635051],[120.5146323,31.8634686],[120.5146174,31.8634242],[120.514483,31.8634242]]]}},{"type":"Feature","properties":{"source":"ours2","id":"54310","height":9.37685775756836,"var":2.4214935302734375,"region":"CHN"},"geometry":{"type":"Polygon","coordinates":[[[120.5148862,31.8634781],[120.5150828,31.8634781],[120.5151401,31.8634433],[120.5151248,31.8632894],[120.5149282,31.8632894],[120.5148545,31.8633381],[120.5148862,31.8634781]]]}},{"type":"Feature","properties":{"source":"ours2","id":"54279","height":8.761251449584961,"var":8.946675300598145,"region":"CHN"},"geometry":{"type":"Polygon","coordinates":[[[120.5150132,31.8638016],[120.5154892,31.8637406],[120.5154892,31.8634943],[120.5154414,31.8633433],[120.5153447,31.8633433],[120.5152353,31.8635515],[120.5150132,31.8636639],[120.5150132,31.8638016]]]}},{"type":"Feature","properties":{"source":"ours2","id":"54228","height":8.95516300201416,"var":4.211498260498047,"region":"CHN"},"geometry":{"type":"Polygon","coordinates":[[[120.5157431,31.8637476],[120.5161324,31.8636937],[120.5161102,31.8635051],[120.5155928,31.8635051],[120.5155844,31.8635803],[120.5157072,31.8635859],[120.5157431,31.8637476]]]}},{"type":"Feature","properties":{"source":"ours2","id":"53895","height":11.136388778686523,"var":5.502357482910156,"region":"CHN"},"geometry":{"type":"Polygon","coordinates":[[[120.5149593,31.8644754],[120.514939,31.8643676],[120.5145054,31.8644099],[120.5145054,31.8642201],[120.5144579,31.864152],[120.5143621,31.864152],[120.5143784,31.8644373],[120.5137844,31.8645293],[120.5137754,31.8644828],[120.513927,31.8643946],[120.5138071,31.8642102],[120.5136207,31.8642059],[120.513585,31.864284],[120.5136167,31.864718],[120.5149593,31.8644754]]]}},{"type":"Feature","properties":{"source":"ours2","id":"53694","height":13.965267181396484,"var":6.1285247802734375,"region":"CHN"},"geometry":{"type":"Polygon","coordinates":[[[120.5121885,31.8650924],[120.5121885,31.8648192],[120.5121125,31.8645832],[120.5118229,31.8645832],[120.5118077,31.8646796],[120.5119564,31.864718],[120.5119981,31.8649285],[120.5118433,31.8649336],[120.5118394,31.8650669],[120.5121885,31.8650924]]]}},{"type":"Feature","properties":{"source":"ours2","id":"53596","height":5.131640434265137,"var":0.21251487731933594,"region":"CHN"},"geometry":{"type":"Polygon","coordinates":[[[120.5142197,31.8649336],[120.5142832,31.8649229],[120.5142832,31.8648366],[120.5142197,31.8648258],[120.5142197,31.8649336]]]}},{"type":"Feature","properties":{"source":"ours2","id":"53586","height":13.898021697998047,"var":2.3638839721679688,"region":"CHN"},"geometry":{"type":"Polygon","coordinates":[[[120.5148545,31.8649823],[120.5148933,31.8649336],[120.5150132,31.8649407],[120.515089,31.8652301],[120.5152353,31.8652184],[120.5151401,31.8647821],[120.5146061,31.8648797],[120.5146958,31.8652841],[120.514918,31.865255],[120.5148545,31.8649823]]]}},{"type":"Feature","properties":{"source":"ours2","id":"53602","height":7.625369071960449,"var":7.078678131103516,"region":"CHN"},"geometry":{"type":"Polygon","coordinates":[[[120.5137119,31.8650415],[120.5139024,31.865008],[120.5138225,31.8648528],[120.5136572,31.8648797],[120.5137119,31.8650415]]]}},{"type":"Feature","properties":{"source":"ours2","id":"53514","height":3.332021474838257,"var":0.3950071334838867,"region":"CHN"},"geometry":{"type":"Polygon","coordinates":[[[120.5124742,31.8651223],[120.5125377,31.8651187],[120.5124784,31.8650684],[120.5124742,31.8651223]]]}},{"type":"Feature","properties":{"source":"ours2","id":"53523","height":5.444620132446289,"var":0.9536628723144531,"region":"CHN"},"geometry":{"type":"Polygon","coordinates":[[[120.510999,31.8649876],[120.510768,31.8649876],[120.5107604,31.8650932],[120.5110143,31.8650867],[120.510999,31.8649876]]]}},{"type":"Feature","properties":{"source":"ours2","id":"53700","height":7.39919376373291,"var":1.1535148620605469,"region":"CHN"},"geometry":{"type":"Polygon","coordinates":[[[120.5117019,31.8646911],[120.5117442,31.8646371],[120.511649,31.8646461],[120.5117019,31.8646911]]]}},{"type":"Feature","properties":{"source":"ours2","id":"53693","height":3.6863114833831787,"var":0.33905744552612305,"region":"CHN"},"geometry":{"type":"Polygon","coordinates":[[[120.5114903,31.8646911],[120.5115538,31.8646875],[120.5115453,31.8646371],[120.5114903,31.8646911]]]}},{"type":"Feature","properties":{"source":"ours2","id":"53683","height":45.641761779785156,"var":45.693511962890625,"region":"CHN"},"geometry":{"type":"Polygon","coordinates":[[[120.5111215,31.8648258],[120.5113453,31.8648258],[120.5114268,31.8647865],[120.5114106,31.8646102],[120.5111868,31.8646102],[120.5111546,31.8646371],[120.510707,31.8646371],[120.5106743,31.864718],[120.5106101,31.8646911],[120.5101625,31.8646911],[120.5101891,31.8647412],[120.5101891,31.8652571],[120.510443,31.8652555],[120.510443,31.8647667],[120.5108652,31.8647719],[120.5111215,31.8648258]]]}},{"type":"Feature","properties":{"source":"ours2","id":"53803","height":10.634536743164062,"var":3.7946090698242188,"region":"CHN"},"geometry":{"type":"Polygon","coordinates":[[[120.5078723,31.8647084],[120.5079992,31.865196],[120.5080545,31.8652032],[120.5080627,31.8651019],[120.5085013,31.8650684],[120.5085387,31.8652802],[120.5084794,31.865311],[120.5078416,31.865311],[120.5078405,31.8653913],[120.5079676,31.8654458],[120.5086657,31.8653891],[120.5085705,31.8643332],[120.5079357,31.8643507],[120.507904,31.8643779],[120.507904,31.8645403],[120.5079808,31.8645563],[120.5080132,31.8644485],[120.5084753,31.8644351],[120.508507,31.8646249],[120.5084575,31.8646641],[120.5078839,31.8646641],[120.5078723,31.8647084]],[[120.5080309,31.8649876],[120.5079992,31.8647948],[120.5081022,31.864745],[120.5084902,31.864745],[120.5085387,31.8647862],[120.5085387,31.8649509],[120.508419,31.8649876],[120.5080309,31.8649876]]]}},{"type":"Feature","properties":{"source":"ours2","id":"53476","height":11.224037170410156,"var":2.4022140502929688,"region":"CHN"},"geometry":{"type":"Polygon","coordinates":[[[120.5088886,31.865311],[120.5091418,31.8652775],[120.5090945,31.8650415],[120.5088329,31.8650415],[120.5088244,31.8652827],[120.5088886,31.865311]]]}},{"type":"Feature","properties":{"source":"ours2","id":"53529","height":7.981274604797363,"var":0.21326828002929688,"region":"CHN"},"geometry":{"type":"Polygon","coordinates":[[[120.5078405,31.8650684],[120.5078723,31.8650666],[120.5078511,31.8650415],[120.5078405,31.8650684]]]}},{"type":"Feature","properties":{"source":"ours2","id":"53236","height":9.954556465148926,"var":3.1518402099609375,"region":"CHN"},"geometry":{"type":"Polygon","coordinates":[[[120.5092687,31.8657153],[120.5093662,31.8657153],[120.5096813,31.8655963],[120.5096658,31.8655266],[120.5095683,31.8655266],[120.5092401,31.8656345],[120.5092687,31.8657153]]]}},{"type":"Feature","properties":{"source":"ours2","id":"53177","height":10.52188491821289,"var":1.3432540893554688,"region":"CHN"},"geometry":{"type":"Polygon","coordinates":[[[120.5085439,31.8657153],[120.5085387,31.8657944],[120.5088664,31.8657962],[120.5088879,31.865731],[120.5088397,31.8656884],[120.5085439,31.8657153]]]}},{"type":"Feature","properties":{"source":"ours2","id":"53018","height":6.831699371337891,"var":1.2130126953125,"region":"CHN"},"geometry":{"type":"Polygon","coordinates":[[[120.5082214,31.8662532],[120.5082214,31.8661126],[120.5081413,31.8660118],[120.5081579,31.8662251],[120.5082214,31.8662532]]]}},{"type":"Feature","properties":{"source":"ours2","id":"53019","height":8.400463104248047,"var":0.6530227661132812,"region":"CHN"},"geometry":{"type":"Polygon","coordinates":[[[120.5085442,31.8660388],[120.5085705,31.8661466],[120.5088244,31.8660834],[120.5087926,31.8659988],[120.5085442,31.8660388]]]}},{"type":"Feature","properties":{"source":"ours2","id":"53025","height":4.844389915466309,"var":0.4176006317138672,"region":"CHN"},"geometry":{"type":"Polygon","coordinates":[[[120.5091418,31.8660837],[120.5091418,31.8660118],[120.5090783,31.8660118],[120.5090783,31.8660657],[120.5091418,31.8660837]]]}},{"type":"Feature","properties":{"source":"ours2","id":"53107","height":6.588611125946045,"var":3.5497398376464844,"region":"CHN"},"geometry":{"type":"Polygon","coordinates":[[[120.5088561,31.8658435],[120.5088561,31.8660915],[120.5090148,31.8660897],[120.5090148,31.865813],[120.50911,31.865756],[120.5090289,31.8657423],[120.5088561,31.8658435]]]}},{"type":"Feature","properties":{"source":"ours2","id":"53127","height":7.469799995422363,"var":3.8316497802734375,"region":"CHN"},"geometry":{"type":"Polygon","coordinates":[[[120.5093004,31.8660388],[120.5094909,31.8660348],[120.5094909,31.8658415],[120.509446,31.8657692],[120.5091859,31.8657692],[120.5091735,31.8658968],[120.5093004,31.8659007],[120.5093004,31.8660388]]]}},{"type":"Feature","properties":{"source":"ours2","id":"53120","height":7.426268577575684,"var":0.9931831359863281,"region":"CHN"},"geometry":{"type":"Polygon","coordinates":[[[120.5095861,31.8659579],[120.50984,31.865922],[120.5098247,31.8658231],[120.5095602,31.8658501],[120.5095861,31.8659579]]]}},{"type":"Feature","properties":{"source":"ours2","id":"53318","height":14.496771812438965,"var":5.634613037109375,"region":"CHN"},"geometry":{"type":"Polygon","coordinates":[[[120.5122203,31.8654061],[120.5121086,31.865338],[120.5116929,31.865338],[120.5106368,31.8654458],[120.5106651,31.8657962],[120.5121251,31.8655968],[120.5122203,31.8654061]],[[120.5112999,31.8655536],[120.5113105,31.8655266],[120.5113316,31.8655518],[120.5112999,31.8655536]]]}},{"type":"Feature","properties":{"source":"ours2","id":"53323","height":12.988142013549805,"var":6.867298126220703,"region":"CHN"},"geometry":{"type":"Polygon","coordinates":[[[120.5139341,31.8656345],[120.5145054,31.865434],[120.5144252,31.8653649],[120.5139057,31.8654997],[120.5139341,31.8656345]]]}},{"type":"Feature","properties":{"source":"ours2","id":"53178","height":15.028926849365234,"var":2.802906036376953,"region":"CHN"},"geometry":{"type":"Polygon","coordinates":[[[120.5140293,31.8659849],[120.5146006,31.8658689],[120.5145567,31.8657423],[120.514105,31.8658231],[120.5140389,31.8657153],[120.5139102,31.8657153],[120.5138389,31.8657914],[120.5139976,31.8658752],[120.5140293,31.8659849]]]}},{"type":"Feature","properties":{"source":"ours2","id":"53140","height":8.19251823425293,"var":1.3183517456054688,"region":"CHN"},"geometry":{"type":"Polygon","coordinates":[[[120.5160288,31.8660853],[120.5160185,31.8659849],[120.5156961,31.8660388],[120.5155844,31.8657787],[120.5153054,31.8658231],[120.515394,31.8661189],[120.515812,31.8661196],[120.5160288,31.8660853]]]}},{"type":"Feature","properties":{"source":"ours2","id":"52981","height":13.446535110473633,"var":2.9436187744140625,"region":"CHN"},"geometry":{"type":"Polygon","coordinates":[[[120.5139976,31.8662239],[120.51409,31.8662275],[120.5141245,31.8663622],[120.5146641,31.8662735],[120.5146958,31.8662185],[120.5146516,31.8661466],[120.5145229,31.8661466],[120.5142,31.8662005],[120.5141563,31.8661009],[120.5139723,31.8661196],[120.5139976,31.8662239]]]}},{"type":"Feature","properties":{"source":"ours2","id":"52855","height":8.019232749938965,"var":1.4469261169433594,"region":"CHN"},"geometry":{"type":"Polygon","coordinates":[[[120.5119981,31.8665239],[120.512379,31.8664613],[120.512331,31.8662814],[120.5119715,31.8663622],[120.5119981,31.8665239]]]}},{"type":"Feature","properties":{"source":"ours2","id":"52689","height":8.984527587890625,"var":1.083160400390625,"region":"CHN"},"geometry":{"type":"Polygon","coordinates":[[[120.5119664,31.8669013],[120.5123472,31.8668386],[120.5123155,31.8667001],[120.5122668,31.8666587],[120.5119346,31.8667352],[120.5119664,31.8669013]]]}},{"type":"Feature","properties":{"source":"ours2","id":"52741","height":9.080182075500488,"var":3.342557907104492,"region":"CHN"},"geometry":{"type":"Polygon","coordinates":[[[120.5124424,31.8668204],[120.5126963,31.8667592],[120.5126157,31.8665509],[120.5124107,31.8666259],[120.5124424,31.8668204]]]}},{"type":"Feature","properties":{"source":"ours2","id":"52917","height":7.510653018951416,"var":1.2228431701660156,"region":"CHN"},"geometry":{"type":"Polygon","coordinates":[[[120.5155527,31.8667935],[120.5158383,31.8667362],[120.5158383,31.8664631],[120.5158793,31.8664161],[120.5161361,31.8664161],[120.5161557,31.8663238],[120.5160127,31.8662544],[120.515434,31.8662814],[120.5155527,31.8667935]]]}},{"type":"Feature","properties":{"source":"ours2","id":"52788","height":9.909957885742188,"var":1.85577392578125,"region":"CHN"},"geometry":{"type":"Polygon","coordinates":[[[120.5152988,31.8668136],[120.5151875,31.8664161],[120.5147593,31.8665171],[120.5147593,31.8665991],[120.5148545,31.8669283],[120.5152988,31.8668136]]]}},{"type":"Feature","properties":{"source":"ours2","id":"52569","height":10.419364929199219,"var":10.353004455566406,"region":"CHN"},"geometry":{"type":"Polygon","coordinates":[[[120.5120616,31.8672517],[120.5126011,31.867164],[120.5127916,31.8671074],[120.5127458,31.8669552],[120.5126164,31.8669552],[120.5126329,31.8670518],[120.5125497,31.867063],[120.5125164,31.8669822],[120.5120299,31.8670876],[120.5120616,31.8672517]]]}},{"type":"Feature","properties":{"source":"ours2","id":"52475","height":9.627548217773438,"var":10.431922912597656,"region":"CHN"},"geometry":{"type":"Polygon","coordinates":[[[120.5117442,31.8673326],[120.5119346,31.8672995],[120.5118875,31.8671169],[120.5117217,31.8671169],[120.5117442,31.8673326]]]}},{"type":"Feature","properties":{"source":"ours2","id":"52448","height":7.383323669433594,"var":4.734775543212891,"region":"CHN"},"geometry":{"type":"Polygon","coordinates":[[[120.5114586,31.8673595],[120.511649,31.8673539],[120.5116173,31.8671578],[120.5114356,31.8671708],[120.5114586,31.8673595]]]}},{"type":"Feature","properties":{"source":"ours2","id":"52474","height":17.616851806640625,"var":16.124282836914062,"region":"CHN"},"geometry":{"type":"Polygon","coordinates":[[[120.510316,31.8673056],[120.5106334,31.8672147],[120.5105854,31.8671169],[120.5102897,31.8671708],[120.510316,31.8673056]]]}},{"type":"Feature","properties":{"source":"ours2","id":"52577","height":10.130218505859375,"var":10.555362701416016,"region":"CHN"},"geometry":{"type":"Polygon","coordinates":[[[120.5108238,31.8671169],[120.5113951,31.8669983],[120.5113634,31.8668606],[120.5108267,31.8669822],[120.5108238,31.8671169]]]}},{"type":"Feature","properties":{"source":"ours2","id":"52645","height":8.830524444580078,"var":1.3598804473876953,"region":"CHN"},"geometry":{"type":"Polygon","coordinates":[[[120.5117575,31.8667665],[120.511463,31.8668474],[120.5114903,31.8669822],[120.5119029,31.8669189],[120.5118549,31.8667665],[120.5117575,31.8667665]]]}},{"type":"Feature","properties":{"source":"ours2","id":"52842","height":8.635396957397461,"var":2.319568634033203,"region":"CHN"},"geometry":{"type":"Polygon","coordinates":[[[120.5115538,31.8666048],[120.5119664,31.8665419],[120.5119029,31.8663754],[120.5115277,31.8664161],[120.5115538,31.8666048]]]}},{"type":"Feature","properties":{"source":"ours2","id":"52787","height":9.07189655303955,"var":2.8839340209960938,"region":"CHN"},"geometry":{"type":"Polygon","coordinates":[[[120.5107604,31.8667665],[120.5114903,31.8666211],[120.5114429,31.86647],[120.5113464,31.86647],[120.5107009,31.8665779],[120.5107604,31.8667665]]]}},{"type":"Feature","properties":{"source":"ours2","id":"52688","height":16.472747802734375,"var":10.7569580078125,"region":"CHN"},"geometry":{"type":"Polygon","coordinates":[[[120.5105538,31.8666318],[120.5098751,31.8667396],[120.5098717,31.8668743],[120.5105831,31.8667396],[120.5105538,31.8666318]]]}},{"type":"Feature","properties":{"source":"ours2","id":"52532","height":21.119287490844727,"var":18.488525390625,"region":"CHN"},"geometry":{"type":"Polygon","coordinates":[[[120.5080944,31.8671978],[120.5090465,31.8670238],[120.5089983,31.8669283],[120.508096,31.86709],[120.5080944,31.8671978]]]}},{"type":"Feature","properties":{"source":"ours2","id":"52590","height":13.363859176635742,"var":13.100156784057617,"region":"CHN"},"geometry":{"type":"Polygon","coordinates":[[[120.5093004,31.866945],[120.5093322,31.8670554],[120.5095184,31.8670091],[120.5095861,31.8671439],[120.5097448,31.8671139],[120.5096382,31.8668474],[120.5093004,31.866945]]]}},{"type":"Feature","properties":{"source":"ours2","id":"52461","height":21.8361759185791,"var":21.804168701171875,"region":"CHN"},"geometry":{"type":"Polygon","coordinates":[[[120.5072375,31.8673326],[120.5079357,31.8672403],[120.5079357,31.8671306],[120.5072397,31.8672247],[120.5072375,31.8673326]]]}},{"type":"Feature","properties":{"source":"ours2","id":"52652","height":17.063169479370117,"var":17.344009399414062,"region":"CHN"},"geometry":{"type":"Polygon","coordinates":[[[120.5048572,31.8669552],[120.5055368,31.8668204],[120.5055076,31.8667126],[120.5048285,31.8668204],[120.5048572,31.8669552]]]}},{"type":"Feature","properties":{"source":"ours2","id":"52841","height":22.40243911743164,"var":22.41015625,"region":"CHN"},"geometry":{"type":"Polygon","coordinates":[[[120.5040026,31.8663892],[120.5040003,31.8665239],[120.5048255,31.8664044],[120.5047937,31.8662947],[120.5040026,31.8663892]]]}},{"type":"Feature","properties":{"source":"ours2","id":"52916","height":19.071739196777344,"var":8.532302856445312,"region":"CHN"},"geometry":{"type":"Polygon","coordinates":[[[120.507351,31.8663083],[120.5069949,31.8663622],[120.5069282,31.8662544],[120.5067991,31.8662544],[120.5068567,31.866497],[120.5073645,31.8664349],[120.5073962,31.8663522],[120.507351,31.8663083]]]}},{"type":"Feature","properties":{"source":"ours2","id":"53119","height":4.983463287353516,"var":0.3363780975341797,"region":"CHN"},"geometry":{"type":"Polygon","coordinates":[[[120.5066671,31.8659579],[120.5070471,31.865866],[120.5069991,31.8657962],[120.5066052,31.865904],[120.5066671,31.8659579]]]}},{"type":"Feature","properties":{"source":"ours2","id":"53065","height":12.548774719238281,"var":5.44671630859375,"region":"CHN"},"geometry":{"type":"Polygon","coordinates":[[[120.5076184,31.8664161],[120.5080944,31.8663025],[120.507986,31.865904],[120.507777,31.8659446],[120.5078284,31.8661735],[120.5079257,31.8660927],[120.5079992,31.8662211],[120.507588,31.8663353],[120.5076184,31.8664161]]]}},{"type":"Feature","properties":{"source":"ours2","id":"53149","height":2.197732448577881,"var":0.3111128807067871,"region":"CHN"},"geometry":{"type":"Polygon","coordinates":[[[120.5076818,31.8657962],[120.5077453,31.8657926],[120.5077368,31.8657423],[120.5076818,31.8657962]]]}},{"type":"Feature","properties":{"source":"ours2","id":"53322","height":9.357662200927734,"var":2.5686874389648438,"region":"CHN"},"geometry":{"type":"Polygon","coordinates":[[[120.5070153,31.8656614],[120.5072375,31.8656294],[120.507301,31.8655179],[120.5072862,31.8653649],[120.5070589,31.8653649],[120.5069519,31.8654947],[120.5070153,31.8656614]]]}},{"type":"Feature","properties":{"source":"ours2","id":"53201","height":4.278863906860352,"var":0.9555168151855469,"region":"CHN"},"geometry":{"type":"Polygon","coordinates":[[[120.5063806,31.8656884],[120.5064441,31.8656848],[120.5064356,31.8656345],[120.5063848,31.8656345],[120.5063806,31.8656884]]]}},{"type":"Feature","properties":{"source":"ours2","id":"53220","height":19.16845703125,"var":17.84906005859375,"region":"CHN"},"geometry":{"type":"Polygon","coordinates":[[[120.5052063,31.8657692],[120.5056506,31.8657324],[120.5056189,31.8656213],[120.5052102,31.8656345],[120.5052063,31.8657692]]]}},{"type":"Feature","properties":{"source":"ours2","id":"53155","height":19.16940689086914,"var":14.37261962890625,"region":"CHN"},"geometry":{"type":"Polygon","coordinates":[[[120.5042542,31.865904],[120.5050159,31.8658123],[120.5050794,31.8657841],[120.505031,31.8656884],[120.5042566,31.8657692],[120.5042542,31.865904]]]}},{"type":"Feature","properties":{"source":"ours2","id":"52949","height":21.391143798828125,"var":20.276123046875,"region":"CHN"},"geometry":{"type":"Polygon","coordinates":[[[120.5049524,31.8663892],[120.5056506,31.8662432],[120.5056824,31.8661607],[120.505634,31.8661196],[120.5049524,31.8662797],[120.5049524,31.8663892]]]}},{"type":"Feature","properties":{"source":"ours2","id":"52292","height":13.030916213989258,"var":5.742301940917969,"region":"CHN"},"geometry":{"type":"Polygon","coordinates":[[[120.5050159,31.8677369],[120.5059363,31.8675362],[120.5059206,31.8674404],[120.5049861,31.8676291],[120.5050159,31.8677369]]]}},{"type":"Feature","properties":{"source":"ours2","id":"52266","height":19.527908325195312,"var":19.78436279296875,"region":"CHN"},"geometry":{"type":"Polygon","coordinates":[[[120.507301,31.8676195],[120.5072529,31.8675212],[120.5069836,31.8675986],[120.5070481,31.867683],[120.507301,31.8676195]]]}},{"type":"Feature","properties":{"source":"ours2","id":"52213","height":19.143007278442383,"var":14.70745849609375,"region":"CHN"},"geometry":{"type":"Polygon","coordinates":[[[120.5076855,31.8677369],[120.5077136,31.8678177],[120.5080627,31.8677538],[120.5080146,31.867656],[120.5076855,31.8677369]]]}},{"type":"Feature","properties":{"source":"ours2","id":"52042","height":19.943859100341797,"var":11.408233642578125,"region":"CHN"},"geometry":{"type":"Polygon","coordinates":[[[120.5072109,31.8680873],[120.5072375,31.8681951],[120.5074914,31.8681325],[120.5074597,31.8680203],[120.5072109,31.8680873]]]}},{"type":"Feature","properties":{"source":"ours2","id":"52002","height":12.329920768737793,"var":6.544620513916016,"region":"CHN"},"geometry":{"type":"Polygon","coordinates":[[[120.5060114,31.8681951],[120.5061902,31.868156],[120.5061748,31.8680873],[120.5060782,31.8680603],[120.5052395,31.8683568],[120.5052698,31.8684377],[120.5060114,31.8681951]]]}},{"type":"Feature","properties":{"source":"ours2","id":"52141","height":11.69583797454834,"var":11.605224609375,"region":"CHN"},"geometry":{"type":"Polygon","coordinates":[[[120.5050794,31.8680334],[120.5059997,31.8678327],[120.5059841,31.8677369],[120.5050821,31.8678986],[120.5050794,31.8680334]]]}},{"type":"Feature","properties":{"source":"ours2","id":"52053","height":10.330196380615234,"var":6.0959625244140625,"region":"CHN"},"geometry":{"type":"Polygon","coordinates":[[[120.5048572,31.8679941],[120.5048255,31.8679662],[120.5042252,31.8680873],[120.5042542,31.8681951],[120.5048255,31.8680769],[120.5048572,31.8679941]]]}},{"type":"Feature","properties":{"source":"ours2","id":"51870","height":10.700713157653809,"var":3.2946624755859375,"region":"CHN"},"geometry":{"type":"Polygon","coordinates":[[[120.5044446,31.8685724],[120.5048889,31.8684538],[120.5048734,31.8683568],[120.5044164,31.8684646],[120.5044446,31.8685724]]]}},{"type":"Feature","properties":{"source":"ours2","id":"51767","height":10.9320068359375,"var":7.474006652832031,"region":"CHN"},"geometry":{"type":"Polygon","coordinates":[[[120.5055237,31.8689767],[120.5062854,31.8687226],[120.5063171,31.8686676],[120.5062372,31.8686263],[120.505494,31.8688689],[120.5055237,31.8689767]]]}},{"type":"Feature","properties":{"source":"ours2","id":"51853","height":10.093738555908203,"var":10.965492248535156,"region":"CHN"},"geometry":{"type":"Polygon","coordinates":[[[120.5053967,31.8687072],[120.5062996,31.8684107],[120.5062693,31.8683298],[120.5053668,31.8685994],[120.5053967,31.8687072]]]}},{"type":"Feature","properties":{"source":"ours2","id":"51863","height":17.155574798583984,"var":12.275680541992188,"region":"CHN"},"geometry":{"type":"Polygon","coordinates":[[[120.5074279,31.8686802],[120.5081075,31.8684377],[120.5081579,31.8683985],[120.5081101,31.8683298],[120.5074305,31.8685724],[120.5074279,31.8686802]]]}},{"type":"Feature","properties":{"source":"ours2","id":"51666","height":16.737445831298828,"var":11.826240539550781,"region":"CHN"},"geometry":{"type":"Polygon","coordinates":[[[120.5076197,31.8690845],[120.5076506,31.8691654],[120.5083483,31.8689377],[120.5082678,31.868842],[120.5076197,31.8690845]]]}},{"type":"Feature","properties":{"source":"ours2","id":"51575","height":11.171149253845215,"var":3.8293228149414062,"region":"CHN"},"geometry":{"type":"Polygon","coordinates":[[[120.5064758,31.8690727],[120.5064597,31.8689767],[120.505875,31.8691384],[120.5058728,31.8692463],[120.5059374,31.8692463],[120.5064758,31.8690727]]]}},{"type":"Feature","properties":{"source":"ours2","id":"51584","height":11.175638198852539,"var":4.816314697265625,"region":"CHN"},"geometry":{"type":"Polygon","coordinates":[[[120.5051428,31.8690727],[120.5050955,31.8690306],[120.504932,31.8691384],[120.5050159,31.8695688],[120.5051428,31.8695679],[120.5050912,31.8691384],[120.5051428,31.8690727]]]}},{"type":"Feature","properties":{"source":"ours2","id":"51709","height":3.069019317626953,"var":0.49941539764404297,"region":"CHN"},"geometry":{"type":"Polygon","coordinates":[[[120.5046668,31.868815],[120.5047853,31.868815],[120.5048106,31.8687611],[120.5047218,31.8687611],[120.5046668,31.868815]]]}},{"type":"Feature","properties":{"source":"ours2","id":"51290","height":11.287984848022461,"var":3.9775390625,"region":"CHN"},"geometry":{"type":"Polygon","coordinates":[[[120.5039051,31.869947],[120.5039693,31.869947],[120.5048255,31.8696648],[120.5048094,31.8695966],[120.5047452,31.8695966],[120.5039062,31.8698662],[120.5039051,31.869947]]]}},{"type":"Feature","properties":{"source":"ours2","id":"51017","height":9.51989459991455,"var":9.724578857421875,"region":"CHN"},"geometry":{"type":"Polygon","coordinates":[[[120.504159,31.8704861],[120.5042553,31.8704861],[120.5050794,31.8702045],[120.5050476,31.8701224],[120.5041287,31.8704052],[120.504159,31.8704861]]]}},{"type":"Feature","properties":{"source":"ours2","id":"50922","height":12.290390014648438,"var":3.994232177734375,"region":"CHN"},"geometry":{"type":"Polygon","coordinates":[[[120.5045112,31.8707017],[120.5052063,31.8704745],[120.5051589,31.8703513],[120.5042542,31.870673],[120.5043177,31.8707826],[120.5045112,31.8707017]]]}},{"type":"Feature","properties":{"source":"ours2","id":"50869","height":11.75135612487793,"var":7.276580810546875,"region":"CHN"},"geometry":{"type":"Polygon","coordinates":[[[120.5055237,31.8707017],[120.506095,31.8705561],[120.506095,31.8704738],[120.5060471,31.8704322],[120.5054919,31.870619],[120.5055237,31.8707017]]]}},{"type":"Feature","properties":{"source":"ours2","id":"50713","height":10.996021270751953,"var":6.141426086425781,"region":"CHN"},"geometry":{"type":"Polygon","coordinates":[[[120.5044129,31.871079],[120.5053015,31.8707702],[120.5052216,31.8707017],[120.504383,31.8709712],[120.5044129,31.871079]]]}},{"type":"Feature","properties":{"source":"ours2","id":"50615","height":12.93974494934082,"var":3.3151092529296875,"region":"CHN"},"geometry":{"type":"Polygon","coordinates":[[[120.5045398,31.8713486],[120.5054285,31.87104],[120.5053807,31.8709443],[120.5045099,31.8712408],[120.5045398,31.8713486]]]}},{"type":"Feature","properties":{"source":"ours2","id":"50762","height":10.693157196044922,"var":4.7184600830078125,"region":"CHN"},"geometry":{"type":"Polygon","coordinates":[[[120.5056506,31.8709712],[120.5061902,31.8707997],[120.5062536,31.8707441],[120.5061902,31.8706611],[120.5056189,31.8708613],[120.5056506,31.8709712]]]}},{"type":"Feature","properties":{"source":"ours2","id":"50889","height":3.0992116928100586,"var":2.529179573059082,"region":"CHN"},"geometry":{"type":"Polygon","coordinates":[[[120.5066662,31.8705939],[120.5067614,31.8705606],[120.5067129,31.8704591],[120.5066345,31.8705067],[120.5066662,31.8705939]]]}},{"type":"Feature","properties":{"source":"ours2","id":"50948","height":3.5804853439331055,"var":2.2776708602905273,"region":"CHN"},"geometry":{"type":"Polygon","coordinates":[[[120.5063171,31.870513],[120.5064123,31.8704814],[120.5063323,31.8703244],[120.5062536,31.870342],[120.5063171,31.870513]]]}},{"type":"Feature","properties":{"source":"ours2","id":"50987","height":3.7281382083892822,"var":2.198946952819824,"region":"CHN"},"geometry":{"type":"Polygon","coordinates":[[[120.5065084,31.8703783],[120.5068249,31.8702601],[120.5067932,31.8701765],[120.5064441,31.8702947],[120.5065084,31.8703783]]]}},{"type":"Feature","properties":{"source":"ours2","id":"51122","height":11.419307708740234,"var":8.525390625,"region":"CHN"},"geometry":{"type":"Polygon","coordinates":[[[120.5040003,31.8702166],[120.5040955,31.8702156],[120.5049207,31.8699352],[120.5049367,31.8698392],[120.50397,31.8701357],[120.5040003,31.8702166]]]}},{"type":"Feature","properties":{"source":"ours2","id":"51119","height":11.438621520996094,"var":10.113792419433594,"region":"CHN"},"geometry":{"type":"Polygon","coordinates":[[[120.5067772,31.8698392],[120.5063921,31.869947],[120.5054919,31.8702696],[120.5055237,31.8703513],[120.5055877,31.8703513],[120.5062854,31.8701014],[120.5068076,31.869947],[120.5067772,31.8698392]]]}},{"type":"Feature","properties":{"source":"ours2","id":"51128","height":9.008217811584473,"var":4.231773376464844,"region":"CHN"},"geometry":{"type":"Polygon","coordinates":[[[120.5054602,31.8700548],[120.5055872,31.8700524],[120.5059363,31.8699081],[120.5058552,31.8698392],[120.5054623,31.869974],[120.5054602,31.8700548]]]}},{"type":"Feature","properties":{"source":"ours2","id":"51399","height":7.22946310043335,"var":1.7042350769042969,"region":"CHN"},"geometry":{"type":"Polygon","coordinates":[[[120.505365,31.8695427],[120.5054302,31.8695427],[120.5056824,31.869397],[120.5056009,31.8693002],[120.505365,31.8694874],[120.505365,31.8695427]]]}},{"type":"Feature","properties":{"source":"ours2","id":"51446","height":9.707620620727539,"var":5.726051330566406,"region":"CHN"},"geometry":{"type":"Polygon","coordinates":[[[120.505365,31.8698123],[120.5058093,31.8696462],[120.5058351,31.8695966],[120.5066028,31.8693409],[120.5066028,31.8692866],[120.5065225,31.8692732],[120.506041,31.8694349],[120.5053343,31.8697314],[120.505365,31.8698123]]]}},{"type":"Feature","properties":{"source":"ours2","id":"51311","height":9.69682502746582,"var":5.787754058837891,"region":"CHN"},"geometry":{"type":"Polygon","coordinates":[[[120.5063171,31.8697314],[120.5064147,31.8697314],[120.5067297,31.8696124],[120.5067135,31.8695158],[120.5063194,31.8696506],[120.5063171,31.8697314]]]}},{"type":"Feature","properties":{"source":"ours2","id":"51458","height":37.12139892578125,"var":36.8609619140625,"region":"CHN"},"geometry":{"type":"Polygon","coordinates":[[[120.5082848,31.8698362],[120.50829,31.8697045],[120.5083549,31.8698123],[120.5084828,31.8698123],[120.5087926,31.8697224],[120.5086022,31.8692325],[120.5085538,31.8692193],[120.5078483,31.8694619],[120.5079357,31.8696731],[120.5080904,31.8696775],[120.5079357,31.8698923],[120.5079675,31.869974],[120.5082848,31.8698362]],[[120.5083213,31.8694888],[120.5084882,31.8694349],[120.5086022,31.8694499],[120.5085705,31.8695068],[120.5083483,31.8695697],[120.5083213,31.8694888]]]}},{"type":"Feature","properties":{"source":"ours2","id":"51451","height":11.371387481689453,"var":11.737510681152344,"region":"CHN"},"geometry":{"type":"Polygon","coordinates":[[[120.5099529,31.8692732],[120.5090852,31.8695966],[120.5090465,31.8694387],[120.5089196,31.8695137],[120.5089831,31.8697045],[120.5090791,31.8697045],[120.5100304,31.8693977],[120.5099529,31.8692732]]]}},{"type":"Feature","properties":{"source":"ours2","id":"50851","height":2.8134021759033203,"var":1.907400131225586,"region":"CHN"},"geometry":{"type":"Polygon","coordinates":[[[120.5093639,31.8706209],[120.5094274,31.8706172],[120.5094189,31.8705669],[120.5093681,31.8705669],[120.5093639,31.8706209]]]}},{"type":"Feature","properties":{"source":"ours2","id":"50608","height":7.823570251464844,"var":5.576023101806641,"region":"CHN"},"geometry":{"type":"Polygon","coordinates":[[[120.5101612,31.8718337],[120.5103872,31.8716451],[120.5104112,31.8713659],[120.5103,31.8709982],[120.5100439,31.8709982],[120.5097867,31.871106],[120.5096178,31.8717238],[120.5096178,31.8718054],[120.5098088,31.8718607],[120.5101612,31.8718337]],[[120.5098717,31.8718058],[120.5099352,31.8715855],[120.5100749,31.8714025],[120.5101891,31.8714152],[120.5100621,31.8714994],[120.5100621,31.8715543],[120.5101573,31.8715831],[120.5101573,31.8716654],[120.5099352,31.8718332],[120.5098717,31.8718058]]]}},{"type":"Feature","properties":{"source":"ours2","id":"50805","height":4.047459602355957,"var":0.8749914169311523,"region":"CHN"},"geometry":{"type":"Polygon","coordinates":[[[120.5094591,31.8707017],[120.5094909,31.8706963],[120.5094909,31.8706532],[120.5094591,31.8706478],[120.5094591,31.8707017]]]}},{"type":"Feature","properties":{"source":"ours2","id":"50558","height":5.695406436920166,"var":2.377269744873047,"region":"CHN"},"geometry":{"type":"Polygon","coordinates":[[[120.5115221,31.8714564],[120.5116841,31.8714564],[120.5117442,31.8714249],[120.5117442,31.871067],[120.5115673,31.8710521],[120.5114586,31.8710974],[120.5114586,31.8712626],[120.5115221,31.8714564]]]}},{"type":"Feature","properties":{"source":"ours2","id":"50724","height":9.330774307250977,"var":9.783069610595703,"region":"CHN"},"geometry":{"type":"Polygon","coordinates":[[[120.5152353,31.8709173],[120.5154575,31.8709145],[120.5154613,31.8708904],[120.5161377,31.8708904],[120.5161396,31.8707826],[120.5154954,31.8707826],[120.5152372,31.8708095],[120.5152353,31.8709173]]]}},{"type":"Feature","properties":{"source":"ours2","id":"50969","height":8.416987419128418,"var":8.462656021118164,"region":"CHN"},"geometry":{"type":"Polygon","coordinates":[[[120.5148545,31.8704052],[120.5154575,31.8702862],[120.515409,31.8701627],[120.5148545,31.8702955],[120.5148545,31.8704052]]]}},{"type":"Feature","properties":{"source":"ours2","id":"51006","height":9.475869178771973,"var":9.539379119873047,"region":"CHN"},"geometry":{"type":"Polygon","coordinates":[[[120.515997,31.8702882],[120.5160133,31.8701627],[120.5155883,31.8702435],[120.5156162,31.8703513],[120.515997,31.8702882]]]}},{"type":"Feature","properties":{"source":"ours2","id":"51124","height":10.299403190612793,"var":10.49993896484375,"region":"CHN"},"geometry":{"type":"Polygon","coordinates":[[[120.514791,31.8700264],[120.514791,31.8701088],[120.5149204,31.8701088],[120.515394,31.8699893],[120.5153779,31.8698931],[120.514791,31.8700264]]]}},{"type":"Feature","properties":{"source":"ours2","id":"51188","height":8.227784156799316,"var":6.519660949707031,"region":"CHN"},"geometry":{"type":"Polygon","coordinates":[[[120.515585,31.8700548],[120.5161875,31.8699364],[120.5162192,31.8698538],[120.5161713,31.8698123],[120.515523,31.869974],[120.515585,31.8700548]]]}},{"type":"Feature","properties":{"source":"ours2","id":"51064","height":17.513872146606445,"var":17.527435302734375,"region":"CHN"},"geometry":{"type":"Polygon","coordinates":[[[120.5137754,31.8705344],[120.5136372,31.869974],[120.5136051,31.869947],[120.5130935,31.8700548],[120.5122627,31.8701088],[120.512252,31.8702623],[120.512379,31.870751],[120.5130126,31.8706748],[120.5130455,31.8708095],[120.5137754,31.8706432],[120.5137754,31.8705344]]]}},{"type":"Feature","properties":{"source":"ours2","id":"51411","height":10.067158699035645,"var":9.909549713134766,"region":"CHN"},"geometry":{"type":"Polygon","coordinates":[[[120.5146033,31.8694349],[120.5146323,31.8695427],[120.5152353,31.8694244],[120.5152671,31.8693965],[120.5152192,31.8693002],[120.5146033,31.8694349]]]}},{"type":"Feature","properties":{"source":"ours2","id":"51299","height":10.540325164794922,"var":10.658466339111328,"region":"CHN"},"geometry":{"type":"Polygon","coordinates":[[[120.5146991,31.8697045],[120.5147275,31.8698392],[120.5150198,31.8697584],[120.5153305,31.8697205],[120.5152827,31.8695966],[120.5146991,31.8697045]]]}},{"type":"Feature","properties":{"source":"ours2","id":"51356","height":9.770833969116211,"var":9.813724517822266,"region":"CHN"},"geometry":{"type":"Polygon","coordinates":[[[120.5154575,31.8696775],[120.5158383,31.8696444],[120.5160922,31.8695583],[120.5160438,31.8694349],[120.5154575,31.8695678],[120.5154575,31.8696775]]]}},{"type":"Feature","properties":{"source":"ours2","id":"51519","height":8.8505220413208,"var":8.434595108032227,"region":"CHN"},"geometry":{"type":"Polygon","coordinates":[[[120.5153623,31.869381],[120.5159771,31.8693002],[120.5160288,31.8692618],[120.5159809,31.8691654],[120.5153332,31.8692732],[120.5153623,31.869381]]]}},{"type":"Feature","properties":{"source":"ours2","id":"51852","height":8.592704772949219,"var":8.799823760986328,"region":"CHN"},"geometry":{"type":"Polygon","coordinates":[[[120.5144129,31.8684916],[120.5143467,31.8685983],[120.5143467,31.8687341],[120.5144746,31.8687341],[120.5158383,31.8684525],[120.5157909,31.8683298],[120.5149255,31.8685185],[120.514829,31.8684646],[120.5144129,31.8684916]]]}},{"type":"Feature","properties":{"source":"ours2","id":"51795","height":18.615970611572266,"var":19.4462890625,"region":"CHN"},"geometry":{"type":"Polygon","coordinates":[[[120.512379,31.8688689],[120.5127598,31.868753],[120.5127916,31.8686975],[120.5126149,31.8685455],[120.5123227,31.8685994],[120.512379,31.8688689]]]}},{"type":"Feature","properties":{"source":"ours2","id":"51737","height":7.898563861846924,"var":9.185388565063477,"region":"CHN"},"geometry":{"type":"Polygon","coordinates":[[[120.5131089,31.868842],[120.5131978,31.868842],[120.5132041,31.8687719],[120.5131407,31.8687431],[120.5131089,31.868842]]]}},{"type":"Feature","properties":{"source":"ours2","id":"51578","height":38.80278015136719,"var":38.72740173339844,"region":"CHN"},"geometry":{"type":"Polygon","coordinates":[[[120.5108069,31.8689767],[120.5101607,31.8691654],[120.5102208,31.8693271],[120.5109508,31.8691276],[120.5109038,31.8690037],[120.5108069,31.8689767]]]}},{"type":"Feature","properties":{"source":"ours2","id":"51577","height":23.17279052734375,"var":23.130584716796875,"region":"CHN"},"geometry":{"type":"Polygon","coordinates":[[[120.5088561,31.8693541],[120.5090783,31.8692114],[120.5090783,31.8691562],[120.5089993,31.8690576],[120.5087609,31.8691312],[120.5087609,31.8691864],[120.5088561,31.8693541]]]}},{"type":"Feature","properties":{"source":"ours2","id":"51630","height":36.15093231201172,"var":35.20318603515625,"region":"CHN"},"geometry":{"type":"Polygon","coordinates":[[[120.5092374,31.8693002],[120.50984,31.8691293],[120.5098717,31.8690744],[120.5097604,31.8688959],[120.5091146,31.8690845],[120.5092374,31.8693002]]]}},{"type":"Feature","properties":{"source":"ours2","id":"51817","height":18.731945037841797,"var":13.4434814453125,"region":"CHN"},"geometry":{"type":"Polygon","coordinates":[[[120.5095861,31.8685333],[120.5095543,31.8684513],[120.5085086,31.8687341],[120.5085387,31.868842],[120.5095861,31.8685333]]]}},{"type":"Feature","properties":{"source":"ours2","id":"51770","height":22.892959594726562,"var":22.290618896484375,"region":"CHN"},"geometry":{"type":"Polygon","coordinates":[[[120.5100621,31.8689498],[120.5101573,31.8689487],[120.5107921,31.8687236],[120.5107286,31.8685591],[120.5100023,31.8687611],[120.5100621,31.8689498]]]}},{"type":"Feature","properties":{"source":"ours2","id":"51865","height":41.10320281982422,"var":41.02001953125,"region":"CHN"},"geometry":{"type":"Polygon","coordinates":[[[120.5112682,31.8690306],[120.5113962,31.8690306],[120.5121251,31.8688614],[120.5121568,31.8688068],[120.5119824,31.8683298],[120.5115221,31.868401],[120.5110844,31.8685185],[120.5112682,31.8690306]],[[120.511272,31.8686802],[120.5118863,31.8685455],[120.5119981,31.8685873],[120.5119664,31.8686971],[120.5113316,31.868842],[120.511272,31.8686802]]]}},{"type":"Feature","properties":{"source":"ours2","id":"52103","height":17.640827178955078,"var":18.044479370117188,"region":"CHN"},"geometry":{"type":"Polygon","coordinates":[[[120.510919,31.8681951],[120.5120757,31.8679525],[120.5120616,31.8678583],[120.5113709,31.8679794],[120.5108889,31.8680873],[120.510919,31.8681951]]]}},{"type":"Feature","properties":{"source":"ours2","id":"51946","height":19.600374221801758,"var":19.672271728515625,"region":"CHN"},"geometry":{"type":"Polygon","coordinates":[[[120.510744,31.8681142],[120.5097785,31.8683837],[120.5097144,31.8683837],[120.509713,31.8684916],[120.5104206,31.8683298],[120.5107921,31.8682096],[120.510744,31.8681142]]]}},{"type":"Feature","properties":{"source":"ours2","id":"52051","height":18.91878890991211,"var":19.105255126953125,"region":"CHN"},"geometry":{"type":"Polygon","coordinates":[[[120.5083483,31.8683298],[120.5086701,31.868222],[120.5094591,31.8680483],[120.5094431,31.8679525],[120.5088005,31.8680873],[120.5083181,31.868222],[120.5083483,31.8683298]]]}},{"type":"Feature","properties":{"source":"ours2","id":"52142","height":15.572713851928711,"var":14.862991333007812,"region":"CHN"},"geometry":{"type":"Polygon","coordinates":[[[120.5095861,31.8680064],[120.5105065,31.8677788],[120.5104587,31.867683],[120.5095562,31.8678986],[120.5095861,31.8680064]]]}},{"type":"Feature","properties":{"source":"ours2","id":"52251","height":19.814695358276367,"var":19.246673583984375,"region":"CHN"},"geometry":{"type":"Polygon","coordinates":[[[120.5082848,31.8677369],[120.5092507,31.8676021],[120.5092534,31.8675212],[120.5082551,31.8676291],[120.5082848,31.8677369]]]}},{"type":"Feature","properties":{"source":"ours2","id":"52352","height":17.0506649017334,"var":14.771697998046875,"region":"CHN"},"geometry":{"type":"Polygon","coordinates":[[[120.5099502,31.8673326],[120.509398,31.8674673],[120.5093956,31.8675751],[120.5099987,31.8674286],[120.5099502,31.8673326]]]}},{"type":"Feature","properties":{"source":"ours2","id":"52249","height":17.832157135009766,"var":17.864517211914062,"region":"CHN"},"geometry":{"type":"Polygon","coordinates":[[[120.5107286,31.8677369],[120.5110143,31.8676745],[120.511046,31.8675905],[120.5109979,31.8675482],[120.5106969,31.8676252],[120.5107286,31.8677369]]]}},{"type":"Feature","properties":{"source":"ours2","id":"52260","height":17.564918518066406,"var":17.570159912109375,"region":"CHN"},"geometry":{"type":"Polygon","coordinates":[[[120.5112047,31.867683],[120.5113657,31.867683],[120.5120299,31.8675634],[120.511982,31.8674673],[120.5112074,31.8675751],[120.5112047,31.867683]]]}},{"type":"Feature","properties":{"source":"ours2","id":"52432","height":8.63282585144043,"var":2.051511764526367,"region":"CHN"},"geometry":{"type":"Polygon","coordinates":[[[120.5112047,31.8674404],[120.5113951,31.8674077],[120.5113153,31.8671978],[120.5111412,31.8672444],[120.5112047,31.8674404]]]}},{"type":"Feature","properties":{"source":"ours2","id":"52354","height":10.790985107421875,"var":8.43149185180664,"region":"CHN"},"geometry":{"type":"Polygon","coordinates":[[[120.5121568,31.8676021],[120.5129185,31.8674293],[120.5128385,31.8672787],[120.5121281,31.8674404],[120.5121568,31.8676021]]]}},{"type":"Feature","properties":{"source":"ours2","id":"52198","height":16.334808349609375,"var":16.7398681640625,"region":"CHN"},"geometry":{"type":"Polygon","coordinates":[[[120.512252,31.8679255],[120.5130137,31.8677524],[120.5129659,31.8676291],[120.5122203,31.8678158],[120.512252,31.8679255]]]}},{"type":"Feature","properties":{"source":"ours2","id":"51950","height":39.66242599487305,"var":39.9964599609375,"region":"CHN"},"geometry":{"type":"Polygon","coordinates":[[[120.5129502,31.8687341],[120.5131724,31.8686781],[120.5129403,31.8681412],[120.5122203,31.8682909],[120.5122203,31.8683997],[120.5123354,31.8684107],[120.5128804,31.8683298],[120.5127916,31.8684611],[120.5129502,31.8687341]]]}},{"type":"Feature","properties":{"source":"ours2","id":"52045","height":2.6700832843780518,"var":0.8120098114013672,"region":"CHN"},"geometry":{"type":"Polygon","coordinates":[[[120.5132993,31.8680873],[120.513384,31.8680873],[120.513384,31.8680334],[120.5132993,31.8680334],[120.5132993,31.8680873]]]}},{"type":"Feature","properties":{"source":"ours2","id":"52101","height":11.434508323669434,"var":11.273818969726562,"region":"CHN"},"geometry":{"type":"Polygon","coordinates":[[[120.5169636,31.8679255],[120.5170126,31.8678858],[120.516933,31.8678177],[120.5152362,31.8681681],[120.5152671,31.868249],[120.5153949,31.868249],[120.5169636,31.8679255]]]}},{"type":"Feature","properties":{"source":"ours2","id":"52297","height":10.713981628417969,"var":11.18637466430664,"region":"CHN"},"geometry":{"type":"Polygon","coordinates":[[[120.5161875,31.8676287],[120.5162519,31.867656],[120.5169492,31.8675096],[120.5169648,31.8674134],[120.516286,31.8675482],[120.5161875,31.8676287]]]}},{"type":"Feature","properties":{"source":"ours2","id":"52244","height":18.707603454589844,"var":19.127731323242188,"region":"CHN"},"geometry":{"type":"Polygon","coordinates":[[[120.5183456,31.8676439],[120.5182657,31.8675482],[120.5173,31.8677908],[120.5172983,31.867871],[120.5174252,31.8678977],[120.5183456,31.8676439]]]}},{"type":"Feature","properties":{"source":"ours2","id":"52339","height":17.337305068969727,"var":18.07049560546875,"region":"CHN"},"geometry":{"type":"Polygon","coordinates":[[[120.5185688,31.8675482],[120.5186947,31.867516],[120.5186947,31.867403],[120.5184838,31.8673595],[120.5184408,31.8674343],[120.5185688,31.8675482]]]}},{"type":"Feature","properties":{"source":"ours2","id":"52014","height":6.491672039031982,"var":3.6374073028564453,"region":"CHN"},"geometry":{"type":"Polygon","coordinates":[[[120.5165683,31.8683298],[120.5166656,31.8683298],[120.5169492,31.86824],[120.5168688,31.8680603],[120.5165429,31.8681142],[120.5165683,31.8683298]]]}},{"type":"Feature","properties":{"source":"ours2","id":"51579","height":10.025165557861328,"var":9.848690032958984,"region":"CHN"},"geometry":{"type":"Polygon","coordinates":[[[120.5167476,31.8690306],[120.5166516,31.8690306],[120.516124,31.8691531],[120.5161745,31.8692732],[120.5166233,31.8691923],[120.5166953,31.8692671],[120.5166635,31.869376],[120.5161887,31.8694619],[120.5162512,31.8695697],[120.5166359,31.8694888],[120.5168539,31.8694023],[120.5167476,31.8690306]]]}},{"type":"Feature","properties":{"source":"ours2","id":"51675","height":10.333494186401367,"var":10.449993133544922,"region":"CHN"},"geometry":{"type":"Polygon","coordinates":[[[120.5171396,31.8690576],[120.5178061,31.8688843],[120.517791,31.868815],[120.5176937,31.868788],[120.5171104,31.8689498],[120.5171396,31.8690576]]]}},{"type":"Feature","properties":{"source":"ours2","id":"51573","height":9.901576042175293,"var":4.113506317138672,"region":"CHN"},"geometry":{"type":"Polygon","coordinates":[[[120.5186947,31.8692732],[120.5187919,31.8692732],[120.5192342,31.8691813],[120.5192025,31.8690708],[120.5186973,31.8691654],[120.5186947,31.8692732]]]}},{"type":"Feature","properties":{"source":"ours2","id":"51697","height":9.537403106689453,"var":5.120685577392578,"region":"CHN"},"geometry":{"type":"Polygon","coordinates":[[[120.518663,31.8689228],[120.519139,31.8688577],[120.5191073,31.8687743],[120.5186653,31.868842],[120.518663,31.8689228]]]}},{"type":"Feature","properties":{"source":"ours2","id":"51773","height":11.365095138549805,"var":8.702873229980469,"region":"CHN"},"geometry":{"type":"Polygon","coordinates":[[[120.5178695,31.8688689],[120.5187401,31.8686802],[120.5187264,31.8685861],[120.5178398,31.8687611],[120.5178695,31.8688689]]]}},{"type":"Feature","properties":{"source":"ours2","id":"51909","height":10.255953788757324,"var":7.600337982177734,"region":"CHN"},"geometry":{"type":"Polygon","coordinates":[[[120.5217098,31.8682909],[120.5216618,31.868249],[120.5212337,31.8683814],[120.5212654,31.8684646],[120.521678,31.8683742],[120.5217098,31.8682909]]]}},{"type":"Feature","properties":{"source":"ours2","id":"51866","height":10.424039840698242,"var":6.68707275390625,"region":"CHN"},"geometry":{"type":"Polygon","coordinates":[[[120.5207259,31.8685994],[120.5211702,31.8684808],[120.5211547,31.8683837],[120.5206977,31.8684916],[120.5207259,31.8685994]]]}},{"type":"Feature","properties":{"source":"ours2","id":"51827","height":10.464618682861328,"var":8.006265640258789,"region":"CHN"},"geometry":{"type":"Polygon","coordinates":[[[120.5217838,31.8686263],[120.5218367,31.8685886],[120.5217732,31.8685047],[120.5213606,31.8686239],[120.5213924,31.8687072],[120.5217838,31.8686263]]]}},{"type":"Feature","properties":{"source":"ours2","id":"51822","height":9.62783432006836,"var":5.3823699951171875,"region":"CHN"},"geometry":{"type":"Polygon","coordinates":[[[120.5201864,31.8687072],[120.5202838,31.8687072],[120.5206624,31.868615],[120.5206137,31.8685185],[120.5201886,31.8686263],[120.5201864,31.8687072]]]}},{"type":"Feature","properties":{"source":"ours2","id":"51715","height":10.65316104888916,"var":10.930492401123047,"region":"CHN"},"geometry":{"type":"Polygon","coordinates":[[[120.5203133,31.8689767],[120.5204096,31.8689767],[120.52128,31.8687341],[120.521249,31.8686533],[120.5211848,31.8686533],[120.5203144,31.8688959],[120.5203133,31.8689767]]]}},{"type":"Feature","properties":{"source":"ours2","id":"51580","height":11.194191932678223,"var":11.231090545654297,"region":"CHN"},"geometry":{"type":"Polygon","coordinates":[[[120.5204085,31.8692732],[120.5208846,31.8691545],[120.5208366,31.8690576],[120.5203802,31.8691654],[120.5204085,31.8692732]]]}},{"type":"Feature","properties":{"source":"ours2","id":"51631","height":10.778412818908691,"var":8.666683197021484,"region":"CHN"},"geometry":{"type":"Polygon","coordinates":[[[120.5209481,31.8691384],[120.5214241,31.8690197],[120.5213762,31.8689228],[120.5209197,31.8690306],[120.5209481,31.8691384]]]}},{"type":"Feature","properties":{"source":"ours2","id":"51698","height":10.240829467773438,"var":10.151542663574219,"region":"CHN"},"geometry":{"type":"Polygon","coordinates":[[[120.5215199,31.8689767],[120.5220074,31.8688689],[120.5220589,31.8688303],[120.5219786,31.8687611],[120.5214583,31.8688959],[120.5215199,31.8689767]]]}},{"type":"Feature","properties":{"source":"ours2","id":"51585","height":10.752767562866211,"var":7.513233184814453,"region":"CHN"},"geometry":{"type":"Polygon","coordinates":[[[120.5222176,31.8691001],[120.5221697,31.8690037],[120.5215856,31.8691384],[120.5216145,31.8692463],[120.5222176,31.8691001]]]}},{"type":"Feature","properties":{"source":"ours2","id":"52100","height":11.260025978088379,"var":5.668972015380859,"region":"CHN"},"geometry":{"type":"Polygon","coordinates":[[[120.5200594,31.8684107],[120.5215929,31.8680873],[120.5218165,31.8680873],[120.5224397,31.8679392],[120.5224234,31.8678447],[120.5217527,31.8679794],[120.5215294,31.8679794],[120.5200601,31.8683029],[120.5200594,31.8684107]]]}},{"type":"Feature","properties":{"source":"ours2","id":"52298","height":11.820504188537598,"var":8.737762451171875,"region":"CHN"},"geometry":{"type":"Polygon","coordinates":[[[120.5204093,31.867683],[120.5213606,31.8674822],[120.5213129,31.8673865],[120.5203151,31.8675751],[120.5203133,31.8676554],[120.5204093,31.867683]]]}},{"type":"Feature","properties":{"source":"ours2","id":"52395","height":10.597298622131348,"var":10.751594543457031,"region":"CHN"},"geometry":{"type":"Polygon","coordinates":[[[120.5199649,31.8673865],[120.5203867,31.8673865],[120.5204403,31.8672942],[120.5198739,31.8672517],[120.519869,31.8673577],[120.5199649,31.8673865]]]}},{"type":"Feature","properties":{"source":"ours2","id":"52418","height":9.680255889892578,"var":9.411895751953125,"region":"CHN"},"geometry":{"type":"Polygon","coordinates":[[[120.5222493,31.8672118],[120.5221693,31.8671978],[120.5214559,31.8673849],[120.5215198,31.8674673],[120.5222176,31.8672943],[120.5222493,31.8672118]]]}},{"type":"Feature","properties":{"source":"ours2","id":"50720","height":9.892436981201172,"var":8.314083099365234,"region":"CHN"},"geometry":{"type":"Polygon","coordinates":[[[120.5216145,31.8710521],[120.5224397,31.8708246],[120.5223598,31.8707287],[120.5215849,31.8709443],[120.5216145,31.8710521]]]}},{"type":"Feature","properties":{"source":"ours2","id":"50823","height":9.690401077270508,"var":5.5559234619140625,"region":"CHN"},"geometry":{"type":"Polygon","coordinates":[[[120.5214876,31.8708365],[120.5220683,31.8706748],[120.5223445,31.8705546],[120.5222646,31.8704861],[120.5214578,31.8707287],[120.5214876,31.8708365]]]}},{"type":"Feature","properties":{"source":"ours2","id":"51001","height":6.810194492340088,"var":3.791196823120117,"region":"CHN"},"geometry":{"type":"Polygon","coordinates":[[[120.5212337,31.870537],[120.5211942,31.8704052],[120.5210595,31.8702166],[120.5209622,31.8702166],[120.5209163,31.8702603],[120.5211067,31.8705669],[120.5212337,31.870537]]]}},{"type":"Feature","properties":{"source":"ours2","id":"51459","height":11.547062873840332,"var":6.1902618408203125,"region":"CHN"},"geometry":{"type":"Polygon","coordinates":[[[120.522281,31.8692874],[120.5222008,31.8692732],[120.521678,31.869433],[120.5217098,31.8695158],[120.5222493,31.8693702],[120.522281,31.8692874]]]}},{"type":"Feature","properties":{"source":"ours2","id":"51319","height":9.788765907287598,"var":8.73855972290039,"region":"CHN"},"geometry":{"type":"Polygon","coordinates":[[[120.5206307,31.8697584],[120.5207606,31.8697584],[120.521075,31.8696668],[120.5210595,31.8695697],[120.5206019,31.8696775],[120.5206307,31.8697584]]]}},{"type":"Feature","properties":{"source":"ours2","id":"51361","height":10.15546989440918,"var":9.849174499511719,"region":"CHN"},"geometry":{"type":"Polygon","coordinates":[[[120.5211385,31.8696775],[120.5215621,31.8695697],[120.5216145,31.8695317],[120.5215666,31.8694349],[120.52111,31.8695697],[120.5211385,31.8696775]]]}},{"type":"Feature","properties":{"source":"ours2","id":"51520","height":10.223312377929688,"var":10.142139434814453,"region":"CHN"},"geometry":{"type":"Polygon","coordinates":[[[120.5210433,31.869381],[120.5214876,31.8692897],[120.5215193,31.8692066],[120.5214708,31.8691654],[120.5210141,31.8693002],[120.5210433,31.869381]]]}},{"type":"Feature","properties":{"source":"ours2","id":"51412","height":9.497451782226562,"var":8.735786437988281,"region":"CHN"},"geometry":{"type":"Polygon","coordinates":[[[120.5205355,31.8695158],[120.5209798,31.8693972],[120.5209481,31.8693139],[120.5205037,31.8694325],[120.5205355,31.8695158]]]}},{"type":"Feature","properties":{"source":"ours2","id":"51236","height":9.658267974853516,"var":9.54104232788086,"region":"CHN"},"geometry":{"type":"Polygon","coordinates":[[[120.5208215,31.8700279],[120.5217415,31.8698005],[120.521678,31.8696908],[120.5207576,31.8699458],[120.5208215,31.8700279]]]}},{"type":"Feature","properties":{"source":"ours2","id":"51069","height":8.205728530883789,"var":8.206672668457031,"region":"CHN"},"geometry":{"type":"Polygon","coordinates":[[[120.5213924,31.87054],[120.5221223,31.8702889],[120.5221541,31.8702342],[120.5219954,31.8699606],[120.5212337,31.8701848],[120.5213924,31.87054]]]}},{"type":"Feature","properties":{"source":"ours2","id":"51037","height":9.59458065032959,"var":8.254890441894531,"region":"CHN"},"geometry":{"type":"Polygon","coordinates":[[[120.5196468,31.8701783],[120.5195989,31.8700818],[120.5190473,31.8701896],[120.5190756,31.8703244],[120.5196468,31.8701783]]]}},{"type":"Feature","properties":{"source":"ours2","id":"51076","height":8.934978485107422,"var":6.151145935058594,"region":"CHN"},"geometry":{"type":"Polygon","coordinates":[[[120.5184408,31.8702166],[120.5189169,31.8700708],[120.5188689,31.869974],[120.5184123,31.8701088],[120.5184408,31.8702166]]]}},{"type":"Feature","properties":{"source":"ours2","id":"51190","height":8.949538230895996,"var":3.546070098876953,"region":"CHN"},"geometry":{"type":"Polygon","coordinates":[[[120.5195834,31.8698822],[120.5195683,31.8697853],[120.5194069,31.8697853],[120.5189852,31.8698931],[120.5189169,31.8699722],[120.5189798,31.8700009],[120.5195834,31.8698822]]]}},{"type":"Feature","properties":{"source":"ours2","id":"51375","height":9.243240356445312,"var":9.268943786621094,"region":"CHN"},"geometry":{"type":"Polygon","coordinates":[[[120.5187899,31.8696236],[120.5193929,31.8695049],[120.5194091,31.869408],[120.518761,31.8695158],[120.5187899,31.8696236]]]}},{"type":"Feature","properties":{"source":"ours2","id":"51303","height":9.568812370300293,"var":5.719200134277344,"region":"CHN"},"geometry":{"type":"Polygon","coordinates":[[[120.5181552,31.8697584],[120.5187582,31.8696389],[120.5187097,31.8695427],[120.5181582,31.8696236],[120.5181552,31.8697584]]]}},{"type":"Feature","properties":{"source":"ours2","id":"51484","height":9.736770629882812,"var":8.491912841796875,"region":"CHN"},"geometry":{"type":"Polygon","coordinates":[[[120.5175556,31.869381],[120.517588,31.8693541],[120.5182611,31.8693541],[120.5182934,31.8693271],[120.5185498,31.8693271],[120.5185995,31.8692876],[120.5185835,31.8691923],[120.5181662,31.8692463],[120.5176213,31.8692463],[120.5175889,31.8692732],[120.5172043,31.8692732],[120.517203,31.869381],[120.5175556,31.869381]],[[120.5179013,31.8693271],[120.5179119,31.8693002],[120.517933,31.8693253],[120.5179013,31.8693271]]]}},{"type":"Feature","properties":{"source":"ours2","id":"51173","height":3.25494647026062,"var":3.39967679977417,"region":"CHN"},"geometry":{"type":"Polygon","coordinates":[[[120.5163779,31.8698931],[120.5164096,31.8698877],[120.5164096,31.8698446],[120.5163779,31.8698392],[120.5163779,31.8698931]]]}},{"type":"Feature","properties":{"source":"ours2","id":"51242","height":7.621201038360596,"var":2.6504087448120117,"region":"CHN"},"geometry":{"type":"Polygon","coordinates":[[[120.5168222,31.8698662],[120.5169522,31.8698662],[120.5172665,31.8697741],[120.517282,31.8697045],[120.5168253,31.8697584],[120.5168222,31.8698662]]]}},{"type":"Feature","properties":{"source":"ours2","id":"51189","height":8.363640785217285,"var":5.273401260375977,"region":"CHN"},"geometry":{"type":"Polygon","coordinates":[[[120.5172665,31.8700548],[120.5179013,31.8698817],[120.5178534,31.8697853],[120.5172379,31.8699201],[120.5172665,31.8700548]]]}},{"type":"Feature","properties":{"source":"ours2","id":"51021","height":9.605447769165039,"var":9.603975296020508,"region":"CHN"},"geometry":{"type":"Polygon","coordinates":[[[120.5173322,31.8702166],[120.51733,31.8703244],[120.5179965,31.8701777],[120.5179481,31.8700818],[120.5173322,31.8702166]]]}},{"type":"Feature","properties":{"source":"ours2","id":"51068","height":8.005722045898438,"var":7.675540924072266,"region":"CHN"},"geometry":{"type":"Polygon","coordinates":[[[120.5163461,31.8702166],[120.5169624,31.8701088],[120.5169809,31.8700421],[120.5169324,31.8700009],[120.5163484,31.8701088],[120.5163461,31.8702166]]]}},{"type":"Feature","properties":{"source":"ours2","id":"50927","height":9.051725387573242,"var":9.108837127685547,"region":"CHN"},"geometry":{"type":"Polygon","coordinates":[[[120.5170282,31.8702705],[120.5164438,31.8703783],[120.5164414,31.8704861],[120.5169605,31.8704052],[120.5170444,31.8703666],[120.5170282,31.8702705]]]}},{"type":"Feature","properties":{"source":"ours2","id":"50822","height":7.460169792175293,"var":3.3053340911865234,"region":"CHN"},"geometry":{"type":"Polygon","coordinates":[[[120.5168539,31.8707826],[120.5172401,31.8707556],[120.5177108,31.8706093],[120.5177426,31.870527],[120.5176944,31.8704861],[120.5172983,31.8706139],[120.516856,31.8706478],[120.5168539,31.8707826]]]}},{"type":"Feature","properties":{"source":"ours2","id":"50932","height":9.425146102905273,"var":9.940013885498047,"region":"CHN"},"geometry":{"type":"Polygon","coordinates":[[[120.5183773,31.87054],[120.5184743,31.87054],[120.5189486,31.8704214],[120.5189486,31.8703391],[120.5189007,31.8702974],[120.5183808,31.8704322],[120.5183773,31.87054]]]}},{"type":"Feature","properties":{"source":"ours2","id":"50876","height":7.7881317138671875,"var":4.2129364013671875,"region":"CHN"},"geometry":{"type":"Polygon","coordinates":[[[120.5192025,31.8705939],[120.5198055,31.8705023],[120.5198373,31.8704194],[120.5197888,31.8703783],[120.5192042,31.870513],[120.5192025,31.8705939]]]}},{"type":"Feature","properties":{"source":"ours2","id":"50784","height":10.741540908813477,"var":6.6526947021484375,"region":"CHN"},"geometry":{"type":"Polygon","coordinates":[[[120.5184408,31.8708634],[120.5190438,31.8706903],[120.5189959,31.8705939],[120.5184118,31.8707556],[120.5184408,31.8708634]]]}},{"type":"Feature","properties":{"source":"ours2","id":"50764","height":8.701385498046875,"var":6.255157470703125,"region":"CHN"},"geometry":{"type":"Polygon","coordinates":[[[120.519266,31.8709173],[120.5199007,31.8707715],[120.5198534,31.8706748],[120.5192384,31.8707826],[120.5192025,31.8708343],[120.519266,31.8709173]]]}},{"type":"Feature","properties":{"source":"ours2","id":"50659","height":11.079449653625488,"var":6.057884216308594,"region":"CHN"},"geometry":{"type":"Polygon","coordinates":[[[120.5185365,31.871133],[120.519139,31.8709871],[120.5190912,31.8708634],[120.5184751,31.8710251],[120.5185365,31.871133]]]}},{"type":"Feature","properties":{"source":"ours2","id":"50710","height":9.497864723205566,"var":8.8397216796875,"region":"CHN"},"geometry":{"type":"Polygon","coordinates":[[[120.5183456,31.8708235],[120.5182974,31.8707826],[120.51749,31.8709982],[120.5174887,31.871079],[120.5175852,31.871079],[120.5183456,31.8709055],[120.5183456,31.8708235]]]}},{"type":"Feature","properties":{"source":"ours2","id":"50599","height":6.141129493713379,"var":4.826663970947266,"region":"CHN"},"geometry":{"type":"Polygon","coordinates":[[[120.517014,31.8712947],[120.517203,31.8712639],[120.5171972,31.8711869],[120.5169719,31.8711869],[120.5166635,31.8710935],[120.5163904,31.8710521],[120.5163461,31.8711512],[120.517014,31.8712947]]]}},{"type":"Feature","properties":{"source":"ours2","id":"50556","height":10.350264549255371,"var":7.503273010253906,"region":"CHN"},"geometry":{"type":"Polygon","coordinates":[[[120.5175839,31.8713755],[120.5184091,31.871202],[120.5183934,31.871106],[120.5182647,31.871106],[120.5175522,31.8712932],[120.5175839,31.8713755]]]}},{"type":"Feature","properties":{"source":"ours2","id":"50171","height":9.542080879211426,"var":1.7558679580688477,"region":"CHN"},"geometry":{"type":"Polygon","coordinates":[[[120.5178702,31.8726692],[120.5179013,31.8727501],[120.5192977,31.8723103],[120.5200277,31.8721174],[120.51998,31.8720224],[120.519245,31.8722111],[120.5178702,31.8726692]]]}},{"type":"Feature","properties":{"source":"ours2","id":"49928","height":9.079575538635254,"var":2.7676467895507812,"region":"CHN"},"geometry":{"type":"Polygon","coordinates":[[[120.5162827,31.8732622],[120.5177426,31.8727914],[120.5177743,31.8727098],[120.5176944,31.8726962],[120.5162836,31.8731544],[120.5162827,31.8732622]]]}},{"type":"Feature","properties":{"source":"ours2","id":"49966","height":10.590360641479492,"var":1.7902679443359375,"region":"CHN"},"geometry":{"type":"Polygon","coordinates":[[[120.5190593,31.8725884],[120.5182891,31.872831],[120.5177116,31.8729927],[120.5177108,31.8730735],[120.5181552,31.8729889],[120.5191073,31.8726563],[120.5190593,31.8725884]]]}},{"type":"Feature","properties":{"source":"ours2","id":"50002","height":10.103116989135742,"var":1.4157943725585938,"region":"CHN"},"geometry":{"type":"Polygon","coordinates":[[[120.5200277,31.8727123],[120.5204403,31.8725485],[120.5203926,31.8724536],[120.5198818,31.8726423],[120.5190438,31.8728779],[120.5182859,31.8731274],[120.5176474,31.8732617],[120.5176791,31.873343],[120.5182821,31.8732327],[120.5189875,31.8729927],[120.5200277,31.8727123]]]}},{"type":"Feature","properties":{"source":"ours2","id":"50130","height":12.005783081054688,"var":2.8615951538085938,"region":"CHN"},"geometry":{"type":"Polygon","coordinates":[[[120.5193612,31.8726153],[120.5203133,31.872307],[120.5202655,31.8721841],[120.5199642,31.8723096],[120.5193312,31.8725075],[120.5193612,31.8726153]]]}},{"type":"Feature","properties":{"source":"ours2","id":"50098","height":8.001737594604492,"var":6.967811584472656,"region":"CHN"},"geometry":{"type":"Polygon","coordinates":[[[120.521202,31.8725345],[120.5218367,31.8723343],[120.5217732,31.8722513],[120.5211728,31.8724267],[120.521202,31.8725345]]]}},{"type":"Feature","properties":{"source":"ours2","id":"50011","height":10.208484649658203,"var":3.476673126220703,"region":"CHN"},"geometry":{"type":"Polygon","coordinates":[[[120.5213,31.8726962],[120.5213611,31.872831],[120.5219954,31.8726037],[120.5219476,31.8725075],[120.5213,31.8726962]]]}},{"type":"Feature","properties":{"source":"ours2","id":"49889","height":8.647863388061523,"var":1.30364990234375,"region":"CHN"},"geometry":{"type":"Polygon","coordinates":[[[120.5195516,31.8731274],[120.5196477,31.8731274],[120.5208529,31.8728455],[120.5208051,31.8727501],[120.5195845,31.8730466],[120.5195516,31.8731274]]]}},{"type":"Feature","properties":{"source":"ours2","id":"49808","height":8.73764705657959,"var":1.1802482604980469,"region":"CHN"},"geometry":{"type":"Polygon","coordinates":[[[120.5203133,31.8732083],[120.5209163,31.8730888],[120.5209008,31.8730196],[120.5203169,31.8731005],[120.5203133,31.8732083]]]}},{"type":"Feature","properties":{"source":"ours2","id":"49890","height":10.281513214111328,"var":2.0970077514648438,"region":"CHN"},"geometry":{"type":"Polygon","coordinates":[[[120.5213924,31.8731005],[120.5214568,31.8731005],[120.5221541,31.8729],[120.5221541,31.8728181],[120.5221058,31.872777],[120.5213924,31.8729911],[120.5213924,31.8731005]]]}},{"type":"Feature","properties":{"source":"ours2","id":"49962","height":6.610749244689941,"var":0.06378936767578125,"region":"CHN"},"geometry":{"type":"Polygon","coordinates":[[[120.5212337,31.8727501],[120.5212654,31.8727483],[120.5212443,31.8727231],[120.5212337,31.8727501]]]}},{"type":"Feature","properties":{"source":"ours2","id":"50251","height":5.4984049797058105,"var":0.20815467834472656,"region":"CHN"},"geometry":{"type":"Polygon","coordinates":[[[120.5211067,31.8719954],[120.5211385,31.87199],[120.5211385,31.8719469],[120.5211067,31.8719415],[120.5211067,31.8719954]]]}},{"type":"Feature","properties":{"source":"ours2","id":"50328","height":11.860926628112793,"var":5.407566070556641,"region":"CHN"},"geometry":{"type":"Polygon","coordinates":[[[120.5213117,31.871672],[120.5212149,31.871672],[120.5211702,31.8717163],[120.5212337,31.8720187],[120.5213289,31.8721571],[120.5215511,31.8720991],[120.5213606,31.8718497],[120.5213606,31.8717127],[120.5213117,31.871672]]]}},{"type":"Feature","properties":{"source":"ours2","id":"48986","height":8.171089172363281,"var":1.5837554931640625,"region":"CHN"},"geometry":{"type":"Polygon","coordinates":[[[120.5211067,31.875041],[120.5217098,31.87484],[120.521629,31.8747715],[120.5211084,31.8749601],[120.5211067,31.875041]]]}},{"type":"Feature","properties":{"source":"ours2","id":"48980","height":8.07346248626709,"var":1.3652915954589844,"region":"CHN"},"geometry":{"type":"Polygon","coordinates":[[[120.5196791,31.8751488],[120.5208211,31.8747861],[120.5207894,31.8747042],[120.5195842,31.8750949],[120.5196791,31.8751488]]]}},{"type":"Feature","properties":{"source":"ours2","id":"49071","height":8.044008255004883,"var":2.4929771423339844,"region":"CHN"},"geometry":{"type":"Polygon","coordinates":[[[120.519742,31.8748793],[120.5207259,31.8745704],[120.5207106,31.8745289],[120.5205173,31.8745289],[120.5197438,31.8747984],[120.519742,31.8748793]]]}},{"type":"Feature","properties":{"source":"ours2","id":"49076","height":8.08999252319336,"var":1.5704879760742188,"region":"CHN"},"geometry":{"type":"Polygon","coordinates":[[[120.5215644,31.8746367],[120.5215349,31.8745559],[120.520982,31.8747445],[120.5210115,31.8748254],[120.5215644,31.8746367]]]}},{"type":"Feature","properties":{"source":"ours2","id":"49198","height":8.328949928283691,"var":1.0251274108886719,"region":"CHN"},"geometry":{"type":"Polygon","coordinates":[[[120.5209163,31.8745828],[120.5213924,31.8744375],[120.5213451,31.8743403],[120.5208877,31.874475],[120.5209163,31.8745828]]]}},{"type":"Feature","properties":{"source":"ours2","id":"49148","height":8.600057601928711,"var":1.0363273620605469,"region":"CHN"},"geometry":{"type":"Polygon","coordinates":[[[120.5200594,31.8744907],[120.5200439,31.8744211],[120.5196181,31.8745559],[120.5196468,31.8746367],[120.5200594,31.8744907]]]}},{"type":"Feature","properties":{"source":"ours2","id":"49208","height":9.039043426513672,"var":0.8060760498046875,"region":"CHN"},"geometry":{"type":"Polygon","coordinates":[[[120.5200912,31.874475],[120.5206307,31.8743282],[120.5206145,31.8742594],[120.5200931,31.8743942],[120.5200912,31.874475]]]}},{"type":"Feature","properties":{"source":"ours2","id":"49308","height":8.367331504821777,"var":1.9067115783691406,"region":"CHN"},"geometry":{"type":"Polygon","coordinates":[[[120.5207894,31.8743133],[120.5208863,31.8743133],[120.521374,31.8741516],[120.5213445,31.8740707],[120.5207599,31.8742325],[120.5207894,31.8743133]]]}},{"type":"Feature","properties":{"source":"ours2","id":"49742","height":10.602433204650879,"var":5.2552947998046875,"region":"CHN"},"geometry":{"type":"Polygon","coordinates":[[[120.522281,31.8730868],[120.5217157,31.8732083],[120.5215227,31.8732083],[120.5215511,31.8733969],[120.5223445,31.8731968],[120.522281,31.8730868]]]}},{"type":"Feature","properties":{"source":"ours2","id":"49644","height":11.223634719848633,"var":1.4369583129882812,"region":"CHN"},"geometry":{"type":"Polygon","coordinates":[[[120.5217098,31.8736934],[120.5225032,31.8734665],[120.5225349,31.8733843],[120.5224871,31.873343],[120.5216804,31.8735587],[120.5217098,31.8736934]]]}},{"type":"Feature","properties":{"source":"ours2","id":"49574","height":7.803276062011719,"var":1.2825088500976562,"region":"CHN"},"geometry":{"type":"Polygon","coordinates":[[[120.5205672,31.8736934],[120.520729,31.8736934],[120.5211702,31.8736009],[120.5211385,31.873518],[120.5205685,31.8736395],[120.5205672,31.8736934]]]}},{"type":"Feature","properties":{"source":"ours2","id":"49693","height":8.845500946044922,"var":1.5648880004882812,"region":"CHN"},"geometry":{"type":"Polygon","coordinates":[[[120.5206624,31.8734239],[120.5208211,31.8734175],[120.5207894,31.8733032],[120.5206383,31.8733161],[120.5206624,31.8734239]]]}},{"type":"Feature","properties":{"source":"ours2","id":"49704","height":8.305578231811523,"var":0.5354900360107422,"region":"CHN"},"geometry":{"type":"Polygon","coordinates":[[[120.5208846,31.8733969],[120.5210433,31.8733615],[120.5209932,31.8732622],[120.5208913,31.8732891],[120.5208846,31.8733969]]]}},{"type":"Feature","properties":{"source":"ours2","id":"49626","height":7.939299583435059,"var":0.9635734558105469,"region":"CHN"},"geometry":{"type":"Polygon","coordinates":[[[120.519742,31.8735856],[120.5200594,31.873467],[120.5200114,31.8733969],[120.5197103,31.8735017],[120.519742,31.8735856]]]}},{"type":"Feature","properties":{"source":"ours2","id":"49683","height":9.78426742553711,"var":1.0827579498291016,"region":"CHN"},"geometry":{"type":"Polygon","coordinates":[[[120.5204085,31.8734778],[120.520599,31.8734145],[120.5205838,31.873343],[120.5203837,31.87337],[120.5204085,31.8734778]]]}},{"type":"Feature","properties":{"source":"ours2","id":"49559","height":6.331727504730225,"var":1.5698165893554688,"region":"CHN"},"geometry":{"type":"Polygon","coordinates":[[[120.5198055,31.8737473],[120.5201546,31.8736858],[120.5203451,31.8735729],[120.5202959,31.8735048],[120.5200019,31.8736395],[120.5198402,31.8736395],[120.5198055,31.8737473]]]}},{"type":"Feature","properties":{"source":"ours2","id":"49487","height":8.140146255493164,"var":1.3798294067382812,"region":"CHN"},"geometry":{"type":"Polygon","coordinates":[[[120.5204403,31.8738447],[120.5203921,31.8737743],[120.520126,31.8738821],[120.5201874,31.873936],[120.5204403,31.8738447]]]}},{"type":"Feature","properties":{"source":"ours2","id":"49460","height":8.407546043395996,"var":1.2338829040527344,"region":"CHN"},"geometry":{"type":"Polygon","coordinates":[[[120.5206624,31.8740168],[120.5212654,31.8738707],[120.5212337,31.873788],[120.5206335,31.873909],[120.5206624,31.8740168]]]}},{"type":"Feature","properties":{"source":"ours2","id":"49360","height":7.639593124389648,"var":2.4280128479003906,"region":"CHN"},"geometry":{"type":"Polygon","coordinates":[[[120.5200277,31.8742325],[120.5205355,31.8740591],[120.5205199,31.8739899],[120.5200308,31.8741516],[120.5200277,31.8742325]]]}},{"type":"Feature","properties":{"source":"ours2","id":"49424","height":8.4398193359375,"var":0.9810028076171875,"region":"CHN"},"geometry":{"type":"Polygon","coordinates":[[[120.5199083,31.873909],[120.5199007,31.8739873],[120.5200912,31.8739822],[120.5200912,31.8738975],[120.5199083,31.873909]]]}},{"type":"Feature","properties":{"source":"ours2","id":"49430","height":6.42526912689209,"var":3.544055938720703,"region":"CHN"},"geometry":{"type":"Polygon","coordinates":[[[120.5191708,31.8740707],[120.519266,31.8740387],[120.5192191,31.873909],[120.5191179,31.873936],[120.5191708,31.8740707]]]}},{"type":"Feature","properties":{"source":"ours2","id":"49364","height":8.183204650878906,"var":2.654571533203125,"region":"CHN"},"geometry":{"type":"Polygon","coordinates":[[[120.5194247,31.8742055],[120.519869,31.8740053],[120.5198211,31.873936],[120.5195931,31.8739899],[120.5195834,31.8740641],[120.5193962,31.8740977],[120.5194247,31.8742055]]]}},{"type":"Feature","properties":{"source":"ours2","id":"49431","height":7.288554668426514,"var":1.3704986572265625,"region":"CHN"},"geometry":{"type":"Polygon","coordinates":[[[120.5194564,31.8739629],[120.5195199,31.8739593],[120.5195114,31.873909],[120.5194606,31.873909],[120.5194564,31.8739629]]]}},{"type":"Feature","properties":{"source":"ours2","id":"49467","height":8.177938461303711,"var":1.8412399291992188,"region":"CHN"},"geometry":{"type":"Polygon","coordinates":[[[120.5190121,31.8738995],[120.5189006,31.8738012],[120.5188654,31.873909],[120.5188315,31.8738551],[120.518603,31.873909],[120.5186312,31.8740168],[120.5190121,31.8738995]]]}},{"type":"Feature","properties":{"source":"ours2","id":"49370","height":7.810677528381348,"var":2.4180030822753906,"region":"CHN"},"geometry":{"type":"Polygon","coordinates":[[[120.5175839,31.8740967],[120.5175839,31.8741516],[120.5176808,31.8741516],[120.5181702,31.8739899],[120.5181702,31.873936],[120.5175839,31.8740967]]]}},{"type":"Feature","properties":{"source":"ours2","id":"49429","height":7.467392921447754,"var":0.8483123779296875,"region":"CHN"},"geometry":{"type":"Polygon","coordinates":[[[120.5182186,31.8739629],[120.5183139,31.873936],[120.5183012,31.8738821],[120.518225,31.8738821],[120.5182186,31.8739629]]]}},{"type":"Feature","properties":{"source":"ours2","id":"49533","height":8.521774291992188,"var":0.6044769287109375,"region":"CHN"},"geometry":{"type":"Polygon","coordinates":[[[120.5191073,31.8738012],[120.5192025,31.8737383],[120.5190861,31.8736934],[120.5191073,31.8738012]]]}},{"type":"Feature","properties":{"source":"ours2","id":"49534","height":6.46049165725708,"var":1.1269664764404297,"region":"CHN"},"geometry":{"type":"Polygon","coordinates":[[[120.5193295,31.8737743],[120.519742,31.8737365],[120.5196931,31.8736395],[120.5193322,31.8736934],[120.5193295,31.8737743]]]}},{"type":"Feature","properties":{"source":"ours2","id":"49700","height":7.547680854797363,"var":0.8551387786865234,"region":"CHN"},"geometry":{"type":"Polygon","coordinates":[[[120.5192342,31.8735048],[120.519299,31.8735048],[120.5197738,31.8733584],[120.5197576,31.8732622],[120.5192361,31.8734239],[120.5192342,31.8735048]]]}},{"type":"Feature","properties":{"source":"ours2","id":"49739","height":8.228364944458008,"var":1.1932716369628906,"region":"CHN"},"geometry":{"type":"Polygon","coordinates":[[[120.5183773,31.8734508],[120.5195199,31.8731416],[120.5195039,31.8730735],[120.5190756,31.8731726],[120.518378,31.8733969],[120.5183773,31.8734508]]]}},{"type":"Feature","properties":{"source":"ours2","id":"49605","height":8.923141479492188,"var":2.3462448120117188,"region":"CHN"},"geometry":{"type":"Polygon","coordinates":[[[120.5184725,31.8736921],[120.5185365,31.8737473],[120.5191073,31.8735472],[120.5190594,31.8734508],[120.5184725,31.8736921]]]}},{"type":"Feature","properties":{"source":"ours2","id":"49601","height":7.90826940536499,"var":2.534900665283203,"region":"CHN"},"geometry":{"type":"Polygon","coordinates":[[[120.51724,31.8737204],[120.5168539,31.8738816],[120.5168539,31.873936],[120.5169179,31.873936],[120.5177108,31.8736582],[120.5181869,31.873519],[120.5181712,31.8734508],[120.51724,31.8737204]]]}},{"type":"Feature","properties":{"source":"ours2","id":"49745","height":10.109033584594727,"var":2.970012664794922,"region":"CHN"},"geometry":{"type":"Polygon","coordinates":[[[120.5169809,31.873343],[120.5174569,31.8731698],[120.517409,31.8731005],[120.5169492,31.87326],[120.5169809,31.873343]]]}},{"type":"Feature","properties":{"source":"ours2","id":"49698","height":9.869780540466309,"var":2.171630859375,"region":"CHN"},"geometry":{"type":"Polygon","coordinates":[[[120.5160605,31.8736126],[120.5169174,31.873358],[120.5169017,31.8732622],[120.5160629,31.8735048],[120.5160605,31.8736126]]]}},{"type":"Feature","properties":{"source":"ours2","id":"49642","height":9.375450134277344,"var":3.7283935546875,"region":"CHN"},"geometry":{"type":"Polygon","coordinates":[[[120.5160605,31.8738821],[120.5168857,31.8736325],[120.5175204,31.8734113],[120.5174887,31.8733297],[120.5160299,31.8737743],[120.5160605,31.8738821]]]}},{"type":"Feature","properties":{"source":"ours2","id":"49512","height":9.115569114685059,"var":3.169649124145508,"region":"CHN"},"geometry":{"type":"Polygon","coordinates":[[[120.5169809,31.8741246],[120.5182653,31.8737473],[120.5183139,31.873707],[120.5182338,31.8736934],[120.5169817,31.8740438],[120.5169809,31.8741246]]]}},{"type":"Feature","properties":{"source":"ours2","id":"49359","height":8.950894355773926,"var":2.451629638671875,"region":"CHN"},"geometry":{"type":"Polygon","coordinates":[[[120.5161557,31.8742594],[120.5167071,31.8741246],[120.5167587,31.8740863],[120.516727,31.8740036],[120.5161261,31.8741785],[120.5161557,31.8742594]]]}},{"type":"Feature","properties":{"source":"ours2","id":"49167","height":6.449006080627441,"var":3.7909164428710938,"region":"CHN"},"geometry":{"type":"Polygon","coordinates":[[[120.5163144,31.8745268],[120.5164731,31.8745516],[120.5165683,31.8744923],[120.5165201,31.8744211],[120.5163195,31.874475],[120.5163144,31.8745268]]]}},{"type":"Feature","properties":{"source":"ours2","id":"49217","height":6.8539910316467285,"var":3.017230987548828,"region":"CHN"},"geometry":{"type":"Polygon","coordinates":[[[120.5166635,31.874475],[120.5168857,31.8744121],[120.5168375,31.8743133],[120.5166365,31.8743942],[120.5166635,31.874475]]]}},{"type":"Feature","properties":{"source":"ours2","id":"49179","height":7.952386856079102,"var":1.8134307861328125,"region":"CHN"},"geometry":{"type":"Polygon","coordinates":[[[120.5171713,31.8745289],[120.5172983,31.874494],[120.5172833,31.8744211],[120.517147,31.8744481],[120.5171713,31.8745289]]]}},{"type":"Feature","properties":{"source":"ours2","id":"49184","height":10.180926322937012,"var":1.2526702880859375,"region":"CHN"},"geometry":{"type":"Polygon","coordinates":[[[120.5173617,31.874475],[120.5174569,31.8744409],[120.5174421,31.8743672],[120.5173406,31.8743672],[120.5173617,31.874475]]]}},{"type":"Feature","properties":{"source":"ours2","id":"49293","height":8.501046180725098,"var":1.12506103515625,"region":"CHN"},"geometry":{"type":"Polygon","coordinates":[[[120.5173617,31.8742325],[120.5174887,31.8741965],[120.51744,31.8741516],[120.5173364,31.8741785],[120.5173617,31.8742325]]]}},{"type":"Feature","properties":{"source":"ours2","id":"49275","height":7.55883264541626,"var":4.277561187744141,"region":"CHN"},"geometry":{"type":"Polygon","coordinates":[[[120.5170761,31.8743133],[120.5172665,31.8742774],[120.5172816,31.8742055],[120.5170806,31.8742325],[120.5170761,31.8743133]]]}},{"type":"Feature","properties":{"source":"ours2","id":"49296","height":8.873361587524414,"var":4.392620086669922,"region":"CHN"},"geometry":{"type":"Polygon","coordinates":[[[120.5175522,31.8744211],[120.5176164,31.8744211],[120.5184725,31.874112],[120.5184244,31.8740438],[120.5175533,31.8743403],[120.5175522,31.8744211]]]}},{"type":"Feature","properties":{"source":"ours2","id":"49251","height":8.377127647399902,"var":1.6293487548828125,"region":"CHN"},"geometry":{"type":"Polygon","coordinates":[[[120.5195199,31.8743942],[120.5195848,31.8743942],[120.5199642,31.8742475],[120.5199642,31.8741923],[120.5195221,31.8743133],[120.5195199,31.8743942]]]}},{"type":"Feature","properties":{"source":"ours2","id":"49137","height":7.948551654815674,"var":1.8689079284667969,"region":"CHN"},"geometry":{"type":"Polygon","coordinates":[[[120.5177743,31.8747445],[120.5182289,31.8745559],[120.5184091,31.8744352],[120.518329,31.8744211],[120.5177445,31.8746637],[120.5177743,31.8747445]]]}},{"type":"Feature","properties":{"source":"ours2","id":"48933","height":7.295331954956055,"var":1.7684097290039062,"region":"CHN"},"geometry":{"type":"Polygon","coordinates":[[[120.5186001,31.8751219],[120.5191073,31.8749214],[120.5190594,31.8748523],[120.5188326,31.8748793],[120.5185383,31.875041],[120.5186001,31.8751219]]]}},{"type":"Feature","properties":{"source":"ours2","id":"48954","height":7.552719593048096,"var":0.6748867034912109,"region":"CHN"},"geometry":{"type":"Polygon","coordinates":[[[120.5176791,31.8749871],[120.5178093,31.8749871],[120.5180917,31.8748676],[120.5180429,31.8747984],[120.5176816,31.8749062],[120.5176791,31.8749871]]]}},{"type":"Feature","properties":{"source":"ours2","id":"48962","height":7.376270294189453,"var":7.554622650146484,"region":"CHN"},"geometry":{"type":"Polygon","coordinates":[[[120.5172665,31.8750109],[120.5172983,31.8749237],[120.5172497,31.8748793],[120.5171713,31.8749554],[120.5172665,31.8750109]]]}},{"type":"Feature","properties":{"source":"ours2","id":"48976","height":7.204812049865723,"var":3.58087158203125,"region":"CHN"},"geometry":{"type":"Polygon","coordinates":[[[120.5175204,31.8748793],[120.5176156,31.8748739],[120.5176029,31.8747984],[120.5175268,31.8747984],[120.5175204,31.8748793]]]}},{"type":"Feature","properties":{"source":"ours2","id":"49064","height":7.711002349853516,"var":1.1637496948242188,"region":"CHN"},"geometry":{"type":"Polygon","coordinates":[[[120.5174887,31.8746637],[120.5175204,31.8746619],[120.5174993,31.8746367],[120.5174887,31.8746637]]]}},{"type":"Feature","properties":{"source":"ours2","id":"49062","height":8.913246154785156,"var":1.0347328186035156,"region":"CHN"},"geometry":{"type":"Polygon","coordinates":[[[120.5173748,31.8746098],[120.517274,31.8746098],[120.5172348,31.8746906],[120.5174252,31.8746526],[120.5173748,31.8746098]]]}},{"type":"Feature","properties":{"source":"ours2","id":"49055","height":8.897026062011719,"var":2.0119094848632812,"region":"CHN"},"geometry":{"type":"Polygon","coordinates":[[[120.5168222,31.8747715],[120.5170126,31.8747089],[120.5169492,31.8746227],[120.5167905,31.8746863],[120.5168222,31.8747715]]]}},{"type":"Feature","properties":{"source":"ours2","id":"49011","height":8.700850486755371,"var":0.9122543334960938,"region":"CHN"},"geometry":{"type":"Polygon","coordinates":[[[120.5164731,31.8748793],[120.5166318,31.8748446],[120.5165834,31.8747445],[120.5164474,31.8747984],[120.5164731,31.8748793]]]}},{"type":"Feature","properties":{"source":"ours2","id":"48961","height":10.904366493225098,"var":2.7507286071777344,"region":"CHN"},"geometry":{"type":"Polygon","coordinates":[[[120.5166322,31.8752836],[120.5171713,31.8750581],[120.5171713,31.8750034],[120.51706,31.8748793],[120.516963,31.8749062],[120.5170126,31.8750319],[120.5165705,31.8751758],[120.5165683,31.8752558],[120.5166322,31.8752836]]]}},{"type":"Feature","properties":{"source":"ours2","id":"48975","height":13.879861831665039,"var":8.29388427734375,"region":"CHN"},"geometry":{"type":"Polygon","coordinates":[[[120.5144902,31.8748254],[120.5142915,31.8748254],[120.5142832,31.8749332],[120.5145054,31.874925],[120.5144902,31.8748254]]]}},{"type":"Feature","properties":{"source":"ours2","id":"48960","height":12.152509689331055,"var":5.3438568115234375,"region":"CHN"},"geometry":{"type":"Polygon","coordinates":[[[120.5146323,31.8749871],[120.5151084,31.8748955],[120.5150766,31.8748122],[120.5146041,31.8748793],[120.5146323,31.8749871]]]}},{"type":"Feature","properties":{"source":"ours2","id":"49283","height":13.680493354797363,"var":8.234176635742188,"region":"CHN"},"geometry":{"type":"Polygon","coordinates":[[[120.514061,31.8743133],[120.514644,31.8743133],[120.5146958,31.8742748],[120.5146803,31.8742055],[120.5140325,31.8742055],[120.514061,31.8743133]]]}},{"type":"Feature","properties":{"source":"ours2","id":"49095","height":12.194887161254883,"var":4.7774505615234375,"region":"CHN"},"geometry":{"type":"Polygon","coordinates":[[[120.5145392,31.8745828],[120.5145371,31.8746637],[120.5149934,31.8745828],[120.5150449,31.8745163],[120.5149962,31.874475],[120.5145392,31.8745828]]]}},{"type":"Feature","properties":{"source":"ours2","id":"49158","height":13.826461791992188,"var":6.618034362792969,"region":"CHN"},"geometry":{"type":"Polygon","coordinates":[[[120.5141844,31.8745289],[120.5135711,31.8744211],[120.5133458,31.8744211],[120.5132993,31.8744636],[120.5132993,31.8745456],[120.5134808,31.8745289],[120.514188,31.8746079],[120.5141844,31.8745289]]]}},{"type":"Feature","properties":{"source":"ours2","id":"49343","height":14.354337692260742,"var":10.55572509765625,"region":"CHN"},"geometry":{"type":"Polygon","coordinates":[[[120.5132826,31.8740438],[120.5132676,31.8741408],[120.5136115,31.8741516],[120.5139341,31.874204],[120.5139301,31.8740977],[120.5136058,31.8740438],[120.5132826,31.8740438]]]}},{"type":"Feature","properties":{"source":"ours2","id":"49004","height":13.98634147644043,"var":7.1357879638671875,"region":"CHN"},"geometry":{"type":"Polygon","coordinates":[[[120.5140293,31.8749592],[120.5140573,31.8748523],[120.5133779,31.8747715],[120.5133311,31.8748688],[120.5140293,31.8749592]]]}},{"type":"Feature","properties":{"source":"ours2","id":"48978","height":11.07982063293457,"var":4.002013206481934,"region":"CHN"},"geometry":{"type":"Polygon","coordinates":[[[120.5102526,31.8753105],[120.5103478,31.8753097],[120.5105103,31.8751758],[120.5112682,31.8749216],[120.5112999,31.8748942],[120.5112198,31.8747445],[120.5102555,31.875041],[120.5102526,31.8753105]]]}},{"type":"Feature","properties":{"source":"ours2","id":"49327","height":20.829275131225586,"var":17.959442138671875,"region":"CHN"},"geometry":{"type":"Polygon","coordinates":[[[120.5081579,31.8742864],[120.5082848,31.8742831],[120.5083166,31.8741712],[120.5080107,31.8740977],[120.5079992,31.874199],[120.5081579,31.8742864]]]}},{"type":"Feature","properties":{"source":"ours2","id":"49135","height":11.040826797485352,"var":6.430366516113281,"region":"CHN"},"geometry":{"type":"Polygon","coordinates":[[[120.5115855,31.8747715],[120.5124107,31.8745986],[120.5124107,31.8745167],[120.5122986,31.8744481],[120.51217,31.8744481],[120.5115563,31.8746367],[120.5115855,31.8747715]]]}},{"type":"Feature","properties":{"source":"ours2","id":"49505","height":14.83991813659668,"var":7.922752380371094,"region":"CHN"},"geometry":{"type":"Polygon","coordinates":[[[120.5082214,31.8739061],[120.5081819,31.8738012],[120.5078216,31.8737473],[120.5078405,31.8738478],[120.5082214,31.8739061]]]}},{"type":"Feature","properties":{"source":"ours2","id":"49735","height":19.043359756469727,"var":19.03497314453125,"region":"CHN"},"geometry":{"type":"Polygon","coordinates":[[[120.5096178,31.8740168],[120.5107355,31.8736395],[120.5120933,31.8732224],[120.5120933,31.8731683],[120.5120139,31.8731274],[120.5112999,31.8733332],[120.5095553,31.8738821],[120.5096178,31.8740168]]]}},{"type":"Feature","properties":{"source":"ours2","id":"49423","height":13.357009887695312,"var":13.4228515625,"region":"CHN"},"geometry":{"type":"Polygon","coordinates":[[[120.5148672,31.8739899],[120.5148706,31.8738821],[120.5144182,31.8738821],[120.5141591,31.873909],[120.5141563,31.8739889],[120.5148672,31.8739899]]]}},{"type":"Feature","properties":{"source":"ours2","id":"49974","height":15.349671363830566,"var":15.032630920410156,"region":"CHN"},"geometry":{"type":"Polygon","coordinates":[[[120.5139976,31.8726849],[120.5139976,31.8725759],[120.5139501,31.8725345],[120.5138539,31.8725345],[120.5130169,31.8727501],[120.5130772,31.8729388],[120.5139976,31.8726849]]]}},{"type":"Feature","properties":{"source":"ours2","id":"50430","height":10.265737533569336,"var":10.348140716552734,"region":"CHN"},"geometry":{"type":"Polygon","coordinates":[[[120.5172665,31.8715518],[120.5172983,31.8714703],[120.5172505,31.8714294],[120.5170444,31.8715256],[120.5155857,31.8719685],[120.5155844,31.8720763],[120.5172665,31.8715518]]]}},{"type":"Feature","properties":{"source":"ours2","id":"50516","height":11.391770362854004,"var":11.676393508911133,"region":"CHN"},"geometry":{"type":"Polygon","coordinates":[[[120.516124,31.8712831],[120.5161084,31.8711869],[120.5153965,31.8713486],[120.5154258,31.8714564],[120.516124,31.8712831]]]}},{"type":"Feature","properties":{"source":"ours2","id":"50433","height":23.777219772338867,"var":23.712387084960938,"region":"CHN"},"geometry":{"type":"Polygon","coordinates":[[[120.5135868,31.8723458],[120.5139341,31.8722607],[120.5140928,31.8719882],[120.5140928,31.8718525],[120.5139341,31.8714987],[120.5137919,31.8714294],[120.5133443,31.8714294],[120.5130226,31.871672],[120.512982,31.8718818],[120.5130455,31.8721265],[120.5132984,31.8723189],[120.5135868,31.8723458]],[[120.5133946,31.8720749],[120.5133946,31.8717985],[120.5134385,31.8717529],[120.5135532,31.8717936],[120.5136167,31.8720714],[120.5133946,31.8720749]]]}},{"type":"Feature","properties":{"source":"ours2","id":"50468","height":19.385622024536133,"var":18.758941650390625,"region":"CHN"},"geometry":{"type":"Polygon","coordinates":[[[120.5122839,31.8730735],[120.5128588,31.8729388],[120.512982,31.8728808],[120.5128467,31.8723728],[120.5127281,31.8723109],[120.5127281,31.8722297],[120.512855,31.872175],[120.5126963,31.8713075],[120.5125694,31.8712799],[120.5120412,31.8713216],[120.5120299,31.8715287],[120.5121885,31.8729649],[120.5122839,31.8730735]]]}},{"type":"Feature","properties":{"source":"ours2","id":"50215","height":9.426218032836914,"var":5.760753631591797,"region":"CHN"},"geometry":{"type":"Polygon","coordinates":[[[120.5098717,31.872804],[120.5099987,31.8728028],[120.5101017,31.8723728],[120.510316,31.8720644],[120.5103007,31.8719685],[120.5100113,31.8719146],[120.5099034,31.8722044],[120.5099034,31.8725041],[120.5098717,31.8725316],[120.5098717,31.872804]]]}},{"type":"Feature","properties":{"source":"ours2","id":"50438","height":15.362529754638672,"var":15.383651733398438,"region":"CHN"},"geometry":{"type":"Polygon","coordinates":[[[120.50911,31.8721025],[120.5094591,31.8716942],[120.5094837,31.8714833],[120.5092276,31.8713755],[120.5090042,31.8713755],[120.5087609,31.8714942],[120.5086657,31.871603],[120.5087609,31.871983],[120.508874,31.8720224],[120.5088561,31.8717358],[120.5089415,31.8715372],[120.5090376,31.8714833],[120.5092291,31.8714833],[120.5093639,31.8715857],[120.5093322,31.8717213],[120.5089531,31.8719415],[120.5089513,31.8721029],[120.50911,31.8721025]]]}},{"type":"Feature","properties":{"source":"ours2","id":"50216","height":9.71450424194336,"var":6.675605773925781,"region":"CHN"},"geometry":{"type":"Polygon","coordinates":[[[120.5097765,31.8719279],[120.5095996,31.8719146],[120.5093956,31.8727231],[120.5095543,31.8727216],[120.5096813,31.8723388],[120.5096599,31.8722111],[120.5097448,31.872228],[120.5097765,31.8719279]]]}},{"type":"Feature","properties":{"source":"ours2","id":"49926","height":1.548717737197876,"var":0.7287478446960449,"region":"CHN"},"geometry":{"type":"Polygon","coordinates":[[[120.5106969,31.872804],[120.5107286,31.8728022],[120.5107075,31.872777],[120.5106969,31.872804]]]}},{"type":"Feature","properties":{"source":"ours2","id":"49964","height":2.925330638885498,"var":0.9366216659545898,"region":"CHN"},"geometry":{"type":"Polygon","coordinates":[[[120.5112999,31.8727231],[120.5113845,31.8727231],[120.5113845,31.8726692],[120.5112999,31.8726692],[120.5112999,31.8727231]]]}},{"type":"Feature","properties":{"source":"ours2","id":"49917","height":7.968754291534424,"var":3.9904136657714844,"region":"CHN"},"geometry":{"type":"Polygon","coordinates":[[[120.5095861,31.8729657],[120.509713,31.8729344],[120.5097018,31.872777],[120.5095042,31.8727501],[120.5094591,31.8728788],[120.5095861,31.8729657]]]}},{"type":"Feature","properties":{"source":"ours2","id":"49878","height":16.094266891479492,"var":10.941543579101562,"region":"CHN"},"geometry":{"type":"Polygon","coordinates":[[[120.5077136,31.8730196],[120.507904,31.8730159],[120.5078973,31.8729388],[120.507408,31.8728579],[120.5073962,31.8729306],[120.5077136,31.8730196]]]}},{"type":"Feature","properties":{"source":"ours2","id":"49956","height":14.92520523071289,"var":6.930450439453125,"region":"CHN"},"geometry":{"type":"Polygon","coordinates":[[[120.507329,31.872831],[120.5068405,31.8726962],[120.5067614,31.872739],[120.5067932,31.8727945],[120.507301,31.8729108],[120.507329,31.872831]]]}},{"type":"Feature","properties":{"source":"ours2","id":"49955","height":13.669201850891113,"var":3.1505584716796875,"region":"CHN"},"geometry":{"type":"Polygon","coordinates":[[[120.5065393,31.872802],[120.5065628,31.8726962],[120.50633,31.8726423],[120.5063171,31.872771],[120.5065393,31.872802]]]}},{"type":"Feature","properties":{"source":"ours2","id":"49833","height":11.541496276855469,"var":10.647819519042969,"region":"CHN"},"geometry":{"type":"Polygon","coordinates":[[[120.5072692,31.8731797],[120.5072654,31.8731005],[120.5067763,31.8729657],[120.5067297,31.8729811],[120.5067614,31.8730642],[120.5072692,31.8731797]]]}},{"type":"Feature","properties":{"source":"ours2","id":"49857","height":16.229440689086914,"var":6.421478271484375,"region":"CHN"},"geometry":{"type":"Polygon","coordinates":[[[120.5064441,31.8730715],[120.5064676,31.8729657],[120.5062536,31.8729278],[120.5062219,31.8730406],[120.5064441,31.8730715]]]}},{"type":"Feature","properties":{"source":"ours2","id":"49863","height":23.96208953857422,"var":22.469924926757812,"region":"CHN"},"geometry":{"type":"Polygon","coordinates":[[[120.5059363,31.8732079],[120.5059997,31.8730978],[120.5052533,31.8729118],[120.5052063,31.8729539],[120.5052381,31.8730363],[120.5059363,31.8732079]]]}},{"type":"Feature","properties":{"source":"ours2","id":"50038","height":21.427654266357422,"var":26.831592559814453,"region":"CHN"},"geometry":{"type":"Polygon","coordinates":[[[120.5060007,31.8726962],[120.506095,31.8726667],[120.5060906,31.8725884],[120.5053469,31.8724536],[120.505365,31.8725519],[120.5060007,31.8726962]]]}},{"type":"Feature","properties":{"source":"ours2","id":"50156","height":21.135351181030273,"var":17.204345703125,"region":"CHN"},"geometry":{"type":"Polygon","coordinates":[[[120.5063171,31.8723175],[120.5063415,31.8721571],[120.5059493,31.8721571],[120.5059363,31.8722567],[120.5063171,31.8723175]]]}},{"type":"Feature","properties":{"source":"ours2","id":"50063","height":9.941041946411133,"var":3.9101638793945312,"region":"CHN"},"geometry":{"type":"Polygon","coordinates":[[[120.5067614,31.8725312],[120.5067526,31.8724267],[120.5065202,31.8723997],[120.5065075,31.8725011],[120.5067614,31.8725312]]]}},{"type":"Feature","properties":{"source":"ours2","id":"50030","height":14.887834548950195,"var":14.8875732421875,"region":"CHN"},"geometry":{"type":"Polygon","coordinates":[[[120.5075871,31.8726962],[120.5077453,31.8726936],[120.5077408,31.8726153],[120.5069967,31.8724806],[120.5069836,31.8725516],[120.5075871,31.8726962]]]}},{"type":"Feature","properties":{"source":"ours2","id":"50157","height":14.310882568359375,"var":2.8271484375,"region":"CHN"},"geometry":{"type":"Polygon","coordinates":[[[120.5069201,31.8722829],[120.5075564,31.8723997],[120.5076501,31.8723698],[120.5075483,31.8722919],[120.5069015,31.8721841],[120.5069201,31.8722829]]]}},{"type":"Feature","properties":{"source":"ours2","id":"50254","height":1.886936902999878,"var":0.4519009590148926,"region":"CHN"},"geometry":{"type":"Polygon","coordinates":[[[120.5064441,31.8719415],[120.5065075,31.8719415],[120.5065012,31.8719146],[120.5064504,31.8719146],[120.5064441,31.8719415]]]}},{"type":"Feature","properties":{"source":"ours2","id":"50286","height":5.766201019287109,"var":1.1316184997558594,"region":"CHN"},"geometry":{"type":"Polygon","coordinates":[[[120.5068249,31.8719361],[120.5068418,31.8718607],[120.5067064,31.8718607],[120.5067297,31.8719415],[120.5068249,31.8719361]]]}},{"type":"Feature","properties":{"source":"ours2","id":"50272","height":16.810684204101562,"var":16.9056396484375,"region":"CHN"},"geometry":{"type":"Polygon","coordinates":[[[120.5085705,31.8741246],[120.5086974,31.8740702],[120.5084435,31.8735014],[120.5081579,31.8727162],[120.5078603,31.8720493],[120.5077324,31.8719415],[120.507031,31.8717798],[120.5069836,31.8718207],[120.5069519,31.871956],[120.5072239,31.8719954],[120.5077021,31.8721032],[120.5078723,31.8724186],[120.5083801,31.8737184],[120.5085705,31.8741246]]]}},{"type":"Feature","properties":{"source":"ours2","id":"49598","height":25.98040771484375,"var":21.01788330078125,"region":"CHN"},"geometry":{"type":"Polygon","coordinates":[[[120.5054758,31.8735048],[120.5054285,31.8736013],[120.5061584,31.8737739],[120.5061869,31.8736395],[120.5054758,31.8735048]]]}},{"type":"Feature","properties":{"source":"ours2","id":"49716","height":12.298067092895508,"var":4.17401123046875,"region":"CHN"},"geometry":{"type":"Polygon","coordinates":[[[120.5062854,31.87337],[120.5064441,31.8733641],[120.5064758,31.8732786],[120.5064275,31.8732352],[120.5062605,31.8732622],[120.5062854,31.87337]]]}},{"type":"Feature","properties":{"source":"ours2","id":"49717","height":18.332969665527344,"var":6.7531585693359375,"region":"CHN"},"geometry":{"type":"Polygon","coordinates":[[[120.5073971,31.8735317],[120.5074914,31.8735025],[120.5074874,31.8734239],[120.5067123,31.8732622],[120.5066662,31.8733051],[120.506698,31.8733601],[120.5073971,31.8735317]]]}},{"type":"Feature","properties":{"source":"ours2","id":"49769","height":16.972858428955078,"var":6.2554473876953125,"region":"CHN"},"geometry":{"type":"Polygon","coordinates":[[[120.5078411,31.873343],[120.5079992,31.8733402],[120.5079942,31.8732622],[120.5074747,31.8731274],[120.5073455,31.8731274],[120.5073327,31.8731988],[120.5078411,31.873343]]]}},{"type":"Feature","properties":{"source":"ours2","id":"49591","height":11.018074035644531,"var":11.23486328125,"region":"CHN"},"geometry":{"type":"Polygon","coordinates":[[[120.5066028,31.8736621],[120.5065926,31.8735587],[120.5063933,31.8735317],[120.5063489,31.8736341],[120.5066028,31.8736621]]]}},{"type":"Feature","properties":{"source":"ours2","id":"49494","height":14.11670970916748,"var":13.38015365600586,"region":"CHN"},"geometry":{"type":"Polygon","coordinates":[[[120.5076818,31.8740434],[120.5077103,31.873909],[120.506967,31.8737743],[120.5069703,31.8738551],[120.5076818,31.8740434]]]}},{"type":"Feature","properties":{"source":"ours2","id":"49422","height":18.550302505493164,"var":18.767303466796875,"region":"CHN"},"geometry":{"type":"Polygon","coordinates":[[[120.5072375,31.8742043],[120.5072343,31.8740977],[120.5070406,31.8740707],[120.5065867,31.8738821],[120.5065581,31.8739899],[120.5070471,31.8742036],[120.5072375,31.8742043]]]}},{"type":"Feature","properties":{"source":"ours2","id":"49338","height":21.92290496826172,"var":20.7470703125,"region":"CHN"},"geometry":{"type":"Polygon","coordinates":[[[120.5063176,31.8743133],[120.5064758,31.8743108],[120.5064709,31.8742055],[120.5057595,31.8740707],[120.5057141,31.874169],[120.5063176,31.8743133]]]}},{"type":"Feature","properties":{"source":"ours2","id":"49274","height":20.617290496826172,"var":21.247650146484375,"region":"CHN"},"geometry":{"type":"Polygon","coordinates":[[[120.5078405,31.8743641],[120.5078723,31.8742807],[120.507408,31.8741785],[120.5073962,31.8743064],[120.5078405,31.8743641]]]}},{"type":"Feature","properties":{"source":"ours2","id":"49152","height":23.786128997802734,"var":22.481109619140625,"region":"CHN"},"geometry":{"type":"Polygon","coordinates":[[[120.506978,31.8745828],[120.5065527,31.8744481],[120.5065075,31.8744924],[120.5065075,31.874575],[120.5069223,31.8746637],[120.506978,31.8745828]]]}},{"type":"Feature","properties":{"source":"ours2","id":"49054","height":24.46135711669922,"var":23.57537841796875,"region":"CHN"},"geometry":{"type":"Polygon","coordinates":[[[120.5063806,31.8748226],[120.5063741,31.8747176],[120.5060136,31.8746367],[120.5059997,31.8747646],[120.5063806,31.8748226]]]}}]}
